LeagueID,SeasonID,TeamID,TeamCity,TeamName,Conference,ConferenceRecord,PlayoffRank,ClinchIndicator,Division,DivisionRecord,DivisionRank,WINS,LOSSES,WinPCT,LeagueRank,Record,HOME,ROAD,L10,Last10Home,Last10Road,OT,ThreePTSOrLess,TenPTSOrMore,LongHomeStreak,strLongHomeStreak,LongRoadStreak,strLongRoadStreak,LongWinStreak,LongLossStreak,CurrentHomeStreak,strCurrentHomeStreak,CurrentRoadStreak,strCurrentRoadStreak,CurrentStreak,strCurrentStreak,ConferenceGamesBack,DivisionGamesBack,ClinchedConferenceTitle,ClinchedDivisionTitle,ClinchedPlayoffBirth,EliminatedConference,EliminatedDivision,AheadAtHalf,BehindAtHalf,TiedAtHalf,AheadAtThird,BehindAtThird,TiedAtThird,Score100PTS,OppScore100PTS,OppOver500,LeadInFGPCT,LeadInReb,FewerTurnovers,PointsPG,OppPointsPG,DiffPointsPG,vsEast,vsAtlantic,vsCentral,vsSoutheast,vsWest,vsNorthwest,vsPacific,vsSouthwest,Jan,Feb,Mar,Apr,May,Jun,Jul,Aug,Sep,Oct,Nov,Dec,PreAS,PostAS,SEASON
00,22021,1610612748,Miami,Heat,East,35-17,1, - e,Southeast,13-3,1,53,29,0.646,0.0,53-29,29-12,24-17,6-4,6-4,7-3,1-3,3-6,31-15,7,W 7,6,W 6,6,4,3,W 3,-1,L 1,-1,L 1,0.0,0.0,1,1,1,0.0,0.0,41-11,11-17,1-1,46-5,7-23,0-1,51-17,30-28,28-20,49-6,36-8,25-9,110.0,106.0,4.0,35-17,10-8,12-6,13-3,18-12,6-4,4-6,8-2,9-6,9-2,8-7,4-1,,,,,,5-1,8-7,10-5,38-21,15-8,2021-22
00,22021,1610612756,Phoenix,Suns,West,39-13,1, - w,Pacific,10-6,1,64,18,0.78,0.0,64-18,32-9,32-9,6-4,6-4,7-3,2-0,6-2,37-9,15,W 15,8,W 8,18,2,-1,L 1,1,W 1,-1,L 1,0.0,0.0,1,1,1,0.0,0.0,49-6,15-12,0-0,47-0,17-17,0-1,61-14,42-18,32-10,57-5,41-2,34-13,115.0,107.0,8.0,25-5,8-2,9-1,8-2,39-13,14-4,10-6,15-3,13-1,9-3,13-2,2-4,,,,,,2-3,16-0,9-5,48-10,16-8,2021-22
00,22021,1610612738,Boston,Celtics,East,33-19,2, - a,Atlantic,9-7,1,51,31,0.622,0.0,51-31,28-13,23-18,7-3,8-2,7-3,4-3,3-9,35-9,5,W 5,7,W 7,9,3,2,W 2,1,W 1,1,W 1,2.0,0.0,0,1,1,0.0,0.0,41-9,10-22,0-0,45-7,6-23,0-1,46-20,26-26,27-21,47-7,39-11,26-13,112.0,104.0,7.0,33-19,9-7,12-6,12-6,18-12,7-3,5-5,6-4,10-6,9-2,11-3,4-1,,,,,,2-4,9-6,6-9,34-26,17-5,2021-22
00,22021,1610612763,Memphis,Grizzlies,West,36-16,2, - sw,Southwest,11-5,1,56,26,0.683,0.0,56-26,30-11,26-15,7-3,9-1,5-5,2-2,5-3,33-17,10,W 10,6,W 6,11,3,-1,L 1,-2,L 2,-1,L 1,8.0,0.0,0,1,1,0.0,0.0,50-9,6-16,0-1,47-3,9-21,0-2,54-18,43-26,24-14,45-0,52-11,34-17,116.0,110.0,6.0,20-10,6-4,9-1,5-5,36-16,10-8,15-3,11-5,12-4,8-2,11-3,2-3,,,,,,3-3,8-7,12-4,41-19,15-7,2021-22
00,22021,1610612749,Milwaukee,Bucks,East,33-19,3, - c,Central,12-4,1,51,31,0.622,0.0,51-31,27-14,24-17,6-4,7-3,6-4,1-2,4-2,31-15,9,W 9,4,W 4,8,3,1,W 1,-1,L 1,-1,L 1,2.0,0.0,0,1,1,0.0,0.0,43-11,8-20,0-0,42-1,8-29,1-1,49-21,40-30,25-21,44-3,42-8,22-13,115.0,112.0,3.0,33-19,10-8,12-4,11-7,18-12,5-5,7-3,6-4,7-8,6-4,11-3,3-3,,,,,,3-4,10-4,11-5,36-24,15-7,2021-22
00,22021,1610612744,Golden State,Warriors,West,33-19,3, - x,Pacific,12-4,2,53,29,0.646,0.0,53-29,31-10,22-19,6-4,5-5,5-5,0-2,6-5,34-10,11,W 11,4,W 4,9,5,2,W 2,3,W 3,5,W 5,11.0,11.0,0,0,1,0.0,0.0,36-7,16-21,1-1,44-9,7-19,2-1,51-18,29-26,27-17,46-11,38-10,25-9,111.0,105.0,6.0,20-10,6-4,8-2,6-4,33-19,12-6,12-4,9-9,11-6,5-5,5-11,5-0,,,,,,5-1,13-2,9-4,42-17,11-12,2021-22
00,22021,1610612755,Philadelphia,76ers,East,32-20,4, - x,Atlantic,6-10,2,51,31,0.622,0.0,51-31,24-17,27-14,6-4,6-4,6-4,3-1,6-6,28-11,4,W 4,7,W 7,7,5,3,W 3,-1,L 1,2,W 2,2.0,0.0,0,0,1,0.0,0.0,37-11,13-19,1-1,41-8,9-23,1-0,50-15,34-27,28-23,42-6,25-6,27-18,110.0,107.0,3.0,32-20,6-10,14-4,12-6,19-11,5-5,6-4,8-2,12-3,6-4,9-7,5-1,,,,,,4-2,7-8,8-6,35-23,16-8,2021-22
00,22021,1610612742,Dallas,Mavericks,West,36-16,4, - x,Southwest,14-2,2,52,30,0.634,0.0,52-30,29-12,23-18,8-2,9-1,6-4,1-2,7-5,27-14,6,W 6,5,W 5,6,3,6,W 6,2,W 2,4,W 4,12.0,4.0,0,0,1,0.0,0.0,34-9,17-20,1-1,45-6,6-22,1-2,49-14,29-26,24-20,41-0,31-5,27-14,108.0,105.0,3.0,16-14,6-4,6-4,4-6,36-16,12-6,10-8,14-2,12-4,7-3,12-4,4-1,,,,,,4-2,6-7,7-9,35-24,17-6,2021-22
00,22021,1610612762,Utah,Jazz,West,33-19,5, - nw,Northwest,15-1,1,49,33,0.598,0.0,49-33,29-12,20-21,4-6,8-2,2-8,2-0,1-6,34-10,9,W 9,10,W 10,8,5,-1,L 1,1,W 1,1,W 1,15.0,0.0,0,1,1,0.0,0.0,39-13,9-20,1-0,45-13,2-20,2-0,49-25,35-31,24-20,43-8,42-15,13-7,114.0,108.0,6.0,16-14,7-3,4-6,5-5,33-19,15-1,9-9,9-9,4-12,8-1,8-9,3-2,,,,,,5-1,9-6,12-2,36-22,13-11,2021-22
00,22021,1610612761,Toronto,Raptors,East,30-22,5, - x,Atlantic,10-6,3,48,34,0.585,0.0,48-34,24-17,24-17,8-2,7-3,7-3,3-2,7-6,25-14,5,W 5,6,W 6,8,3,3,W 3,-1,L 1,-1,L 1,5.0,3.0,0,0,1,0.0,0.0,33-9,15-25,0-0,38-6,9-27,1-1,44-17,35-31,29-19,28-5,31-10,37-21,109.0,107.0,2.0,30-22,10-6,8-10,12-6,18-12,5-5,7-3,6-4,10-6,8-4,11-5,4-2,,,,,,4-3,5-10,6-4,32-25,16-9,2021-22
00,22021,1610612741,Chicago,Bulls,East,29-23,6, - x,Central,10-6,2,46,36,0.561,0.0,46-36,27-14,19-22,4-6,4-6,4-6,1-1,4-4,23-20,9,W 9,-5,L 5,9,5,-4,L 4,2,W 2,1,W 1,7.0,5.0,0,0,1,0.0,0.0,35-5,11-31,0-0,36-5,9-31,1-0,43-24,33-35,23-26,37-8,27-6,23-17,112.0,112.0,0.0,29-23,8-10,10-6,11-7,17-13,8-2,5-5,4-6,8-8,8-5,6-9,1-4,,,,,,5-1,9-7,9-2,38-21,8-15,2021-22
00,22021,1610612743,Denver,Nuggets,West,29-23,6, - x,Northwest,6-10,2,48,34,0.585,0.0,48-34,23-18,25-16,6-4,3-7,9-1,3-2,8-3,23-20,6,W 6,7,W 7,6,6,-1,L 1,3,W 3,-1,L 1,16.0,1.0,0,0,1,0.0,0.0,36-12,9-21,3-1,39-10,6-23,3-1,44-25,34-32,21-23,35-10,31-14,18-6,113.0,110.0,2.0,19-11,6-4,5-5,8-2,29-23,6-10,13-5,10-8,11-5,8-4,10-6,2-3,,,,,,4-2,6-8,7-6,33-25,15-9,2021-22
00,22021,1610612750,Minnesota,Timberwolves,West,32-20,7,,Northwest,12-4,3,46,36,0.561,0.0,46-36,26-15,20-21,4-6,7-3,6-4,2-1,4-4,28-21,7,W 7,-4,L 4,6,6,-1,L 1,2,W 2,-1,L 1,18.0,3.0,0,0,0,0.0,0.0,34-10,12-26,0-0,42-8,4-28,0-0,44-29,34-33,23-24,38-0,24-10,34-20,116.0,113.0,3.0,14-16,4-6,7-3,3-7,32-20,12-4,8-10,12-6,9-6,8-4,10-5,3-2,,,,,,3-2,8-8,5-9,31-28,15-8,2021-22
00,22021,1610612751,Brooklyn,Nets,East,31-21,7,,Atlantic,10-6,4,44,38,0.537,0.0,44-38,20-21,24-17,6-4,7-3,6-4,2-1,8-4,20-20,-5,L 5,-8,L 8,5,11,3,W 3,1,W 1,4,W 4,9.0,7.0,0,0,0,0.0,0.0,29-15,14-23,1-0,34-9,9-28,1-1,43-30,33-38,20-29,40-11,28-14,19-17,113.0,112.0,1.0,31-21,10-6,12-6,9-9,13-17,4-6,3-7,6-4,6-10,3-10,8-7,4-1,,,,,,4-3,11-3,8-4,31-28,13-10,2021-22
00,22021,1610612739,Cleveland,Cavaliers,East,27-25,8,,Central,10-6,3,44,38,0.537,0.0,44-38,25-16,19-22,3-7,5-5,2-8,2-0,10-4,22-19,8,W 8,4,W 4,6,5,1,W 1,-2,L 2,1,W 1,9.0,7.0,0,0,0,0.0,0.0,30-14,12-23,2-1,33-9,11-29,0-0,35-27,22-34,20-25,37-9,30-14,22-10,108.0,106.0,2.0,27-25,8-10,10-6,9-9,17-13,8-2,4-6,5-5,11-4,5-5,6-10,2-3,,,,,,3-4,8-6,9-6,35-23,9-15,2021-22
00,22021,1610612746,LA,Clippers,West,26-26,8,,Pacific,9-7,3,42,40,0.512,0.0,42-40,25-16,17-24,6-4,7-3,4-6,0-4,10-5,20-21,5,W 5,-4,L 4,7,5,5,W 5,1,W 1,5,W 5,22.0,22.0,0,0,0,0.0,0.0,29-8,13-32,0-0,31-5,11-34,0-1,36-25,25-38,18-25,36-8,21-4,23-15,108.0,108.0,0.0,16-14,4-6,4-6,8-2,26-26,10-8,9-7,7-11,8-9,6-4,5-9,5-0,,,,,,1-4,10-6,7-8,30-31,12-9,2021-22
00,22021,1610612737,Atlanta,Hawks,East,26-26,9,,Southeast,9-7,2,43,39,0.524,0.0,43-39,27-14,16-25,7-3,9-1,4-6,0-1,7-3,24-18,-10,L 10,-7,L 7,7,6,4,W 4,1,W 1,1,W 1,10.0,10.0,0,0,0,0.0,0.0,35-12,7-27,1-0,38-6,5-31,0-2,42-25,36-37,21-28,33-6,25-17,28-15,114.0,112.0,2.0,26-26,6-12,11-7,9-7,17-13,5-5,6-4,6-4,8-7,5-5,11-6,3-2,,,,,,3-3,8-7,5-9,28-30,15-9,2021-22
00,22021,1610612740,New Orleans,Pelicans,West,25-27,9,,Southwest,6-10,3,36,46,0.439,0.0,36-46,19-22,17-24,6-4,5-5,5-5,1-2,4-3,23-30,-6,L 6,-7,L 7,4,9,-1,L 1,-1,L 1,-2,L 2,28.0,20.0,0,0,0,0.0,0.0,24-8,11-37,1-1,28-5,6-39,2-2,34-32,20-44,18-32,25-6,28-24,21-19,109.0,110.0,-1.0,11-19,2-8,6-4,3-7,25-27,9-9,10-8,6-10,5-10,7-4,8-7,3-3,,,,,,1-6,5-11,7-5,23-36,13-10,2021-22
00,22021,1610612759,San Antonio,Spurs,West,24-28,10,,Southwest,6-10,4,34,48,0.415,0.0,34-48,16-25,18-23,6-4,4-6,5-5,1-3,6-5,19-24,-3,L 3,5,W 5,4,6,-1,L 1,-2,L 2,-3,L 3,30.0,22.0,0,0,0,0.0,0.0,28-9,6-38,0-1,31-7,2-40,1-1,32-38,20-47,14-33,29-9,23-10,18-26,113.0,113.0,0.0,10-20,2-8,3-7,5-5,24-28,11-7,7-11,6-10,5-12,5-6,7-7,3-3,,,,,,2-4,4-9,8-7,23-36,11-12,2021-22
00,22021,1610612766,Charlotte,Hornets,East,27-25,10,,Southeast,8-8,3,43,39,0.524,0.0,43-39,22-19,21-20,6-4,6-4,6-4,0-7,6-8,24-23,-7,L 7,5,W 5,5,6,2,W 2,1,W 1,3,W 3,10.0,10.0,0,0,0,0.0,0.0,30-8,12-31,1-0,36-6,6-33,1-0,41-32,32-39,23-28,39-8,21-12,28-23,115.0,115.0,0.0,27-25,8-10,11-7,8-8,16-14,6-4,3-7,7-3,9-6,2-10,10-4,3-2,,,,,,5-2,8-8,6-7,29-31,14-8,2021-22
00,22021,1610612752,New York,Knicks,East,22-30,11, - o,Atlantic,5-11,5,37,45,0.451,0.0,37-45,17-24,20-21,7-3,4-6,8-2,1-2,5-6,19-23,5,W 5,-6,L 6,4,7,1,W 1,5,W 5,2,W 2,16.0,14.0,0,0,0,1.0,1.0,28-13,7-31,2-1,32-12,5-33,0-0,33-29,15-40,15-27,27-9,30-16,15-15,106.0,107.0,0.0,22-30,5-11,8-10,9-9,15-15,2-8,6-4,7-3,7-8,1-9,9-7,3-2,,,,,,5-1,6-9,6-9,25-34,12-11,2021-22
00,22021,1610612747,Los Angeles,Lakers,West,18-34,11, - o,Pacific,3-13,4,33,49,0.402,0.0,33-49,21-20,12-29,2-8,3-7,3-7,8-2,5-7,13-22,4,W 4,-11,L 11,4,8,1,W 1,1,W 1,2,W 2,31.0,31.0,0,0,0,1.0,1.0,17-12,14-35,2-2,18-14,14-35,1-0,31-40,26-49,12-27,26-9,16-12,20-14,112.0,115.0,-3.0,15-15,4-6,5-5,6-4,18-34,8-10,3-13,7-11,6-8,3-6,4-12,2-4,,,,,,4-3,8-8,6-8,27-31,6-18,2021-22
00,22021,1610612758,Sacramento,Kings,West,20-32,12, - o,Pacific,6-10,5,30,52,0.366,0.0,30-52,16-25,14-27,5-5,2-8,6-4,2-1,7-8,11-30,-5,L 5,-13,L 13,3,7,-5,L 5,1,W 1,1,W 1,34.0,34.0,0,0,0,1.0,1.0,21-15,7-36,2-1,22-7,7-44,1-1,29-35,27-51,13-35,25-9,15-15,11-23,110.0,116.0,-5.0,10-20,1-9,3-7,6-4,20-32,6-12,6-10,8-10,3-12,5-6,5-9,2-3,,,,,,3-3,5-11,7-8,22-38,8-14,2021-22
00,22021,1610612764,Washington,Wizards,East,24-28,12, - o,Southeast,7-9,4,35,47,0.427,0.0,35-47,21-20,14-27,5-5,6-4,2-8,3-1,12-6,11-27,-6,L 6,-8,L 8,5,6,-1,L 1,-2,L 2,-3,L 3,18.0,18.0,0,0,0,1.0,1.0,18-11,15-36,2-0,27-6,7-41,1-0,33-30,25-44,18-28,29-12,21-14,9-18,109.0,112.0,-3.0,24-28,8-10,9-9,7-9,11-19,5-5,2-8,4-6,5-9,4-7,6-10,2-4,,,,,,5-1,8-7,5-9,27-31,8-16,2021-22
00,22021,1610612754,Indiana,Pacers,East,11-41,13, - o,Central,2-14,4,25,57,0.305,0.0,25-57,16-25,9-32,0-10,2-8,2-8,4-4,3-14,14-19,-5,L 5,-8,L 8,3,10,-5,L 5,-5,L 5,-10,L 10,28.0,26.0,0,0,0,1.0,1.0,21-14,4-39,0-4,18-12,6-42,1-3,24-44,17-53,14-38,19-11,18-20,12-21,111.0,115.0,-3.0,11-41,5-13,2-14,4-14,14-16,4-6,4-6,6-4,5-11,2-9,4-10,0-5,,,,,,1-6,8-8,5-8,20-40,5-17,2021-22
00,22021,1610612757,Portland,Trail Blazers,West,11-41,13, - o,Northwest,1-15,4,27,55,0.329,0.0,27-55,17-24,10-31,0-10,2-8,1-9,0-2,1-5,11-41,10,W 10,-8,L 8,4,11,-6,L 6,-5,L 5,-11,L 11,37.0,22.0,0,0,0,1.0,1.0,20-13,7-41,0-1,20-7,6-47,1-1,26-30,20-51,15-32,20-7,19-16,11-17,106.0,115.0,-9.0,16-14,6-4,5-5,5-5,11-41,1-15,5-13,5-13,8-8,4-6,2-13,0-6,,,,,,3-3,8-8,2-11,25-34,2-21,2021-22
00,22021,1610612765,Detroit,Pistons,East,18-34,14, - o,Central,6-10,5,23,59,0.28,0.0,23-59,13-28,10-31,4-6,3-7,4-6,3-1,7-6,6-33,-7,L 7,-10,L 10,3,14,-2,L 2,-1,L 1,-3,L 3,30.0,28.0,0,0,0,1.0,1.0,12-17,11-39,0-3,16-10,5-49,2-0,21-37,18-54,11-40,14-6,12-12,13-26,105.0,113.0,-8.0,18-34,5-13,6-10,7-11,5-25,2-8,1-9,2-8,7-9,3-9,6-10,2-3,,,,,,1-5,3-12,1-11,13-45,10-14,2021-22
00,22021,1610612760,Oklahoma City,Thunder,West,17-35,14, - o,Northwest,6-10,5,24,58,0.293,0.0,24-58,12-29,12-29,4-6,3-7,2-8,4-1,7-6,9-32,-11,L 11,-5,L 5,4,10,2,W 2,-3,L 3,-3,L 3,40.0,25.0,0,0,0,1.0,1.0,9-10,14-46,1-2,16-6,8-52,0-0,19-33,15-51,9-36,20-9,16-8,8-25,104.0,112.0,-8.0,7-23,4-6,2-8,1-9,17-35,6-10,5-13,6-12,2-12,4-8,3-12,2-4,,,,,,1-5,5-9,7-8,18-40,6-18,2021-22
00,22021,1610612745,Houston,Rockets,West,11-41,15, - o,Southwest,3-13,5,20,62,0.244,0.0,20-62,11-30,9-32,2-8,1-9,2-8,2-1,3-9,9-44,-11,L 11,-11,L 11,7,15,-5,L 5,-2,L 2,-7,L 7,44.0,36.0,0,0,0,1.0,1.0,9-15,10-46,1-1,14-9,5-52,1-1,20-46,16-59,8-40,16-12,12-17,7-17,110.0,118.0,-8.0,9-21,1-9,3-7,5-5,11-41,6-12,2-16,3-13,4-10,1-9,5-12,0-5,,,,,,1-5,3-11,6-10,15-43,5-19,2021-22
00,22021,1610612753,Orlando,Magic,East,12-40,15, - o,Southeast,3-13,5,22,60,0.268,0.0,22-60,12-29,10-31,3-7,4-6,2-8,0-4,2-7,6-39,-9,L 9,-10,L 10,2,10,2,W 2,-4,L 4,1,W 1,31.0,31.0,0,0,0,1.0,1.0,13-9,9-51,0-0,14-9,8-50,0-1,20-34,13-56,14-37,18-11,12-15,10-17,104.0,112.0,-8.0,12-40,4-14,5-13,3-13,10-20,6-4,1-9,3-7,4-11,4-7,5-10,2-3,,,,,,1-6,3-12,3-11,13-47,9-13,2021-22
00,22022,1610612749,Milwaukee,Bucks,East,35-17,1, - e,Central,11-5,1,58,24,0.707,0.0,58-24,32-9,26-15,6-4,6-4,7-3,3-2,6-1,30-15,11,W 11,9,W 9,16,4,-1,L 1,-1,L 1,-2,L 2,0.0,0.0,1,1,1,0.0,0.0,44-7,11-16,3-1,51-3,7-21,0-0,57-18,47-23,28-15,50-2,44-9,15-6,117.0,113.0,4.0,35-17,12-6,11-5,12-6,23-7,9-1,8-2,6-4,11-5,10-0,11-5,3-2,,,,,,6-0,9-5,8-7,41-17,17-7,2022-23
00,22022,1610612743,Denver,Nuggets,West,34-18,1, - w,Northwest,10-6,1,53,29,0.646,0.0,53-29,34-7,19-22,5-5,7-3,3-7,3-0,7-6,29-15,16,W 16,-4,L 4,9,4,2,W 2,-4,L 4,1,W 1,0.0,0.0,1,1,1,0.0,0.0,33-9,18-20,2-0,41-4,10-24,2-1,51-21,45-29,36-18,48-8,39-9,24-7,116.0,112.0,3.0,19-11,4-6,7-3,8-2,34-18,10-6,13-5,11-7,12-4,9-3,7-7,2-3,,,,,,4-3,10-4,9-5,41-18,12-11,2022-23
00,22022,1610612738,Boston,Celtics,East,34-18,2, - a,Atlantic,11-5,1,57,25,0.695,0.0,57-25,32-9,25-16,8-2,8-2,5-5,4-7,5-8,31-11,10,W 10,6,W 6,9,3,7,W 7,-1,L 1,3,W 3,1.0,0.0,0,1,1,0.0,0.0,45-9,10-16,2-0,51-7,5-18,1-0,56-19,43-23,33-14,42-4,36-7,25-9,118.0,111.0,7.0,34-18,11-5,11-7,12-6,23-7,7-3,7-3,9-1,10-5,8-3,10-6,3-1,,,,,,4-2,14-2,8-6,42-17,15-8,2022-23
00,22022,1610612763,Memphis,Grizzlies,West,30-22,2, - sw,Southwest,13-3,1,51,31,0.622,0.0,51-31,35-6,16-25,6-4,9-1,4-6,3-1,3-6,31-17,12,W 12,-8,L 8,11,5,2,W 2,-1,L 1,-1,L 1,2.0,0.0,0,1,1,0.0,0.0,43-13,8-18,0-0,44-8,7-21,0-2,51-27,43-31,22-18,41-6,36-16,31-14,117.0,113.0,4.0,21-9,5-5,8-2,8-2,30-22,9-9,8-10,13-3,10-5,5-5,12-5,2-3,,,,,,4-3,8-6,10-4,35-22,16-9,2022-23
00,22022,1610612755,Philadelphia,76ers,East,34-18,3, - x,Atlantic,10-6,2,54,28,0.659,0.0,54-28,29-12,25-16,5-5,6-4,6-4,4-2,10-5,26-11,11,W 11,8,W 8,8,3,-1,L 1,2,W 2,2,W 2,4.0,3.0,0,0,1,0.0,0.0,34-4,19-23,1-1,40-3,9-25,5-0,54-22,40-27,29-18,36-11,31-4,32-13,115.0,111.0,4.0,34-18,10-6,13-5,11-7,20-10,7-3,8-2,5-5,11-3,7-4,12-5,3-2,,,,,,4-4,8-6,9-4,38-19,16-9,2022-23
00,22022,1610612758,Sacramento,Kings,West,32-20,3, - p,Pacific,9-7,1,48,34,0.585,0.0,48-34,23-18,25-16,5-5,4-6,7-3,4-1,9-7,19-13,6,W 6,7,W 7,7,4,-3,L 3,-2,L 2,-3,L 3,5.0,0.0,0,1,1,0.0,0.0,30-11,16-22,2-1,38-3,9-27,1-4,48-30,44-34,18-23,32-5,28-10,29-16,121.0,118.0,3.0,16-14,4-6,7-3,5-5,32-20,11-7,9-7,12-6,9-6,8-4,11-5,1-4,,,,,,2-4,9-5,8-6,32-25,16-9,2022-23
00,22022,1610612756,Phoenix,Suns,West,30-22,4, - x,Pacific,9-7,2,45,37,0.549,0.0,45-37,28-13,17-24,7-3,7-3,5-5,1-3,4-9,28-17,7,W 7,4,W 4,7,6,-1,L 1,-1,L 1,-2,L 2,8.0,3.0,0,0,1,0.0,0.0,36-9,9-28,0-0,41-7,4-30,0-0,45-27,35-35,23-24,36-8,29-14,29-16,114.0,112.0,2.0,15-15,6-4,6-4,3-7,30-22,11-7,9-7,10-8,7-8,6-4,9-6,3-2,,,,,,5-1,10-5,5-11,32-28,13-9,2022-23
00,22022,1610612739,Cleveland,Cavaliers,East,34-18,4, - x,Central,13-3,2,51,31,0.622,0.0,51-31,31-10,20-21,7-3,6-4,7-3,7-0,5-8,33-11,7,W 7,-5,L 5,8,5,-1,L 1,2,W 2,-1,L 1,7.0,7.0,0,0,1,0.0,0.0,35-10,16-18,0-3,37-8,14-21,0-2,49-25,28-30,24-18,33-11,32-7,31-22,112.0,107.0,5.0,34-18,8-10,13-3,13-5,17-13,4-6,5-5,8-2,8-8,8-3,9-5,3-1,,,,,,5-1,9-7,9-6,38-23,13-8,2022-23
00,22022,1610612746,LA,Clippers,West,27-25,5, - x,Pacific,9-7,3,44,38,0.537,0.0,44-38,23-18,21-20,6-4,7-3,5-5,2-3,4-6,20-21,4,W 4,-5,L 5,5,6,3,W 3,1,W 1,3,W 3,9.0,4.0,0,0,1,0.0,0.0,24-9,16-28,4-1,33-10,9-26,2-2,41-28,35-38,20-25,32-10,28-8,20-10,114.0,113.0,1.0,17-13,6-4,6-4,5-5,27-25,6-12,9-7,12-6,8-8,4-6,8-6,3-1,,,,,,3-4,10-6,8-7,33-28,11-10,2022-23
00,22022,1610612752,New York,Knicks,East,32-20,5, - x,Atlantic,8-8,3,47,35,0.573,0.0,47-35,23-18,24-17,5-5,7-3,5-5,4-6,10-4,23-13,6,W 6,6,W 6,9,5,-1,L 1,-1,L 1,-2,L 2,11.0,10.0,0,0,1,0.0,0.0,37-12,10-22,0-1,38-9,7-23,2-3,46-31,36-35,25-20,36-12,39-16,18-13,116.0,113.0,3.0,32-20,8-8,12-6,12-6,15-15,7-3,4-6,4-6,8-7,9-2,9-6,2-2,,,,,,3-3,7-9,9-6,33-27,14-8,2022-23
00,22022,1610612744,Golden State,Warriors,West,30-22,6, - x,Pacific,7-9,4,44,38,0.537,0.0,44-38,33-8,11-30,8-2,9-1,4-6,2-3,4-8,24-16,10,W 10,-11,L 11,5,5,3,W 3,2,W 2,3,W 3,9.0,4.0,0,0,1,0.0,0.0,34-12,10-26,0-0,32-6,10-31,2-1,44-35,40-37,21-21,38-8,31-12,13-12,119.0,117.0,2.0,14-16,5-5,4-6,5-5,30-22,10-8,7-9,13-5,7-6,6-6,9-7,3-1,,,,,,3-4,8-7,8-7,29-29,15-9,2022-23
00,22022,1610612751,Brooklyn,Nets,East,30-22,6, - x,Atlantic,7-9,4,45,37,0.549,0.0,45-37,23-18,22-19,6-4,4-6,6-4,1-1,10-4,22-17,6,W 6,7,W 7,12,5,-1,L 1,1,W 1,-1,L 1,13.0,12.0,0,0,1,0.0,0.0,28-12,17-24,0-1,36-7,8-30,1-0,44-27,36-36,26-24,39-12,16-6,25-16,113.0,113.0,1.0,30-22,7-9,7-11,16-2,15-15,6-4,4-6,5-5,7-7,3-8,8-8,3-2,,,,,,2-5,10-6,12-1,34-24,11-13,2022-23
00,22022,1610612748,Miami,Heat,East,24-28,7, - se,Southeast,10-6,1,44,38,0.537,0.0,44-38,27-14,17-24,6-4,8-2,4-6,3-2,14-8,12-13,8,W 8,-7,L 7,4,4,2,W 2,-1,L 1,1,W 1,14.0,0.0,0,1,0,0.0,0.0,30-10,13-26,1-2,26-5,15-32,3-1,41-27,32-37,25-24,25-4,26-10,28-23,109.0,110.0,0.0,24-28,6-12,8-10,10-6,20-10,6-4,7-3,7-3,10-5,4-6,7-8,4-1,,,,,,2-5,8-7,9-6,32-27,12-11,2022-23
00,22022,1610612747,Los Angeles,Lakers,West,27-25,7,,Pacific,6-10,5,43,39,0.524,0.0,43-39,23-18,20-21,8-2,7-3,7-3,3-4,8-5,19-19,3,W 3,-6,L 6,5,5,2,W 2,-1,L 1,2,W 2,10.0,5.0,0,0,0,0.0,0.0,29-10,13-25,1-4,35-5,7-33,1-1,43-36,41-39,18-32,37-11,32-14,15-13,117.0,117.0,1.0,16-14,3-7,5-5,8-2,27-25,9-9,6-10,12-6,9-7,5-5,10-5,4-1,,,,,,1-5,7-7,7-9,27-32,16-7,2022-23
00,22022,1610612737,Atlanta,Hawks,East,26-26,8,,Southeast,8-8,2,41,41,0.5,0.0,41-41,24-17,17-24,5-5,6-4,3-7,4-2,10-7,19-15,3,W 3,-5,L 5,5,4,-1,L 1,-1,L 1,-2,L 2,17.0,3.0,0,0,0,0.0,0.0,31-12,9-29,1-0,35-9,5-29,1-3,41-39,37-41,21-25,32-7,25-15,26-23,118.0,118.0,0.0,26-26,6-12,12-6,8-8,15-15,4-6,6-4,5-5,8-7,6-5,7-8,3-2,,,,,,4-3,8-7,5-9,29-30,12-11,2022-23
00,22022,1610612750,Minnesota,Timberwolves,West,29-23,8,,Northwest,8-8,2,42,40,0.512,0.0,42-40,22-19,20-21,7-3,3-7,7-3,1-4,6-7,15-16,5,W 5,4,W 4,5,6,1,W 1,2,W 2,3,W 3,11.0,11.0,0,0,0,0.0,0.0,28-18,13-21,1-1,32-9,8-30,2-1,41-36,39-39,28-25,36-15,19-12,24-14,116.0,116.0,0.0,13-17,4-6,5-5,4-6,29-23,8-8,10-8,11-7,11-5,5-6,7-7,3-1,,,,,,4-3,7-8,5-10,31-30,11-10,2022-23
00,22022,1610612740,New Orleans,Pelicans,West,29-23,9,,Southwest,11-5,2,42,40,0.512,0.0,42-40,27-14,15-26,7-3,7-3,5-5,3-4,4-6,25-20,7,W 7,-6,L 6,7,10,2,W 2,-1,L 1,-1,L 1,11.0,9.0,0,0,0,0.0,0.0,31-13,9-26,2-1,34-8,7-32,1-0,42-33,33-39,19-29,35-10,34-14,19-15,114.0,112.0,2.0,13-17,4-6,5-5,4-6,29-23,9-9,9-9,11-5,3-13,4-6,9-6,3-2,,,,,,4-2,9-6,10-5,30-29,12-11,2022-23
00,22022,1610612761,Toronto,Raptors,East,26-26,9,,Atlantic,4-12,5,41,41,0.5,0.0,41-41,27-14,14-27,6-4,9-1,3-7,2-3,4-10,23-16,7,W 7,-6,L 6,4,6,4,W 4,-2,L 2,1,W 1,17.0,16.0,0,0,0,0.0,0.0,33-11,6-29,2-1,35-11,5-29,1-1,39-35,33-40,19-25,21-6,30-16,33-30,113.0,111.0,1.0,26-26,4-12,10-8,12-6,15-15,5-5,3-7,7-3,7-9,8-3,7-7,3-2,,,,,,4-3,7-7,5-10,28-31,13-10,2022-23
00,22022,1610612741,Chicago,Bulls,East,27-25,10,,Central,7-9,3,40,42,0.488,0.0,40-42,22-19,18-23,6-4,4-6,8-2,3-4,4-7,24-19,3,W 3,6,W 6,3,6,1,W 1,1,W 1,2,W 2,18.0,18.0,0,0,0,0.0,0.0,27-12,12-29,1-1,31-9,8-32,1-1,40-31,29-41,23-27,34-17,25-7,25-26,113.0,112.0,1.0,27-25,9-9,7-9,11-7,13-17,6-4,2-8,5-5,7-7,5-7,9-6,3-2,,,,,,3-4,6-8,7-8,26-33,14-9,2022-23
00,22022,1610612760,Oklahoma City,Thunder,West,25-27,10,,Northwest,9-7,3,40,42,0.488,0.0,40-42,24-17,16-25,4-6,7-3,5-5,2-4,7-7,21-15,5,W 5,-6,L 6,4,5,1,W 1,1,W 1,2,W 2,13.0,13.0,0,0,0,0.0,0.0,26-8,13-30,1-4,29-11,8-30,3-1,40-40,33-42,23-28,30-10,23-9,33-31,117.0,116.0,1.0,15-15,6-4,5-5,4-6,25-27,9-7,6-12,10-8,9-5,4-7,10-7,2-2,,,,,,3-3,6-10,6-8,28-29,12-13,2022-23
00,22022,1610612754,Indiana,Pacers,East,24-28,11, - o,Central,7-9,4,35,47,0.427,0.0,35-47,20-21,15-26,3-7,3-7,5-5,1-2,8-7,9-25,6,W 6,-11,L 11,5,7,-2,L 2,1,W 1,1,W 1,23.0,23.0,0,0,0,1.0,1.0,21-13,14-34,0-0,23-9,9-36,3-2,34-42,32-46,16-29,26-10,17-10,18-22,116.0,119.0,-3.0,24-28,7-11,7-9,10-8,11-19,2-8,5-5,4-6,4-11,4-7,6-9,1-3,,,,,,3-5,9-4,8-8,26-34,9-13,2022-23
00,22022,1610612742,Dallas,Mavericks,West,28-24,11, - o,Southwest,9-7,3,38,44,0.463,0.0,38-44,23-18,15-26,2-8,3-7,3-7,4-5,8-12,11-12,6,W 6,-6,L 6,7,4,-2,L 2,-3,L 3,-2,L 2,15.0,13.0,0,0,0,1.0,1.0,26-14,10-30,2-0,29-11,8-32,1-1,36-36,32-42,21-25,24-9,10-4,20-22,114.0,114.0,0.0,10-20,6-4,2-8,2-8,28-24,9-9,10-8,9-7,6-9,5-6,5-9,1-4,,,,,,3-3,7-7,11-6,31-29,7-15,2022-23
00,22022,1610612762,Utah,Jazz,West,24-28,12, - o,Northwest,6-10,4,37,45,0.451,0.0,37-45,23-18,14-27,2-8,4-6,3-7,4-1,10-8,13-16,5,W 5,-6,L 6,4,5,1,W 1,-3,L 3,-1,L 1,16.0,16.0,0,0,0,1.0,1.0,26-9,10-35,1-1,27-9,8-33,2-3,37-40,37-45,21-30,25-15,24-23,11-13,117.0,118.0,-1.0,13-17,3-7,4-6,6-4,24-28,6-10,8-10,10-8,7-6,5-6,5-9,1-4,,,,,,6-2,7-9,6-9,29-31,8-14,2022-23
00,22022,1610612764,Washington,Wizards,East,21-31,12, - o,Southeast,8-8,3,35,47,0.427,0.0,35-47,19-22,16-25,3-7,4-6,3-7,1-2,7-6,19-21,-4,L 4,-10,L 10,6,10,-1,L 1,-6,L 6,-1,L 1,23.0,9.0,0,0,0,1.0,1.0,26-14,8-31,1-2,30-8,5-37,0-2,35-39,30-47,19-27,31-11,26-16,10-16,113.0,114.0,-1.0,21-31,5-13,8-10,8-8,14-16,4-6,3-7,7-3,8-5,5-6,5-11,1-4,,,,,,3-4,8-7,5-10,28-30,7-17,2022-23
00,22022,1610612757,Portland,Trail Blazers,West,23-29,13, - o,Northwest,7-9,5,33,49,0.402,0.0,33-49,17-24,16-25,1-9,0-10,4-6,2-0,8-7,18-28,-10,L 10,-8,L 8,4,6,-10,L 10,-3,L 3,-4,L 4,20.0,20.0,0,0,0,1.0,1.0,21-14,11-34,1-1,25-11,6-36,2-2,33-38,30-49,17-30,25-12,21-15,14-17,113.0,117.0,-4.0,10-20,1-9,3-7,6-4,23-29,7-9,6-12,10-8,6-9,5-6,3-13,1-4,,,,,,5-1,6-10,7-6,28-30,5-19,2022-23
00,22022,1610612753,Orlando,Magic,East,20-32,13, - o,Southeast,7-9,4,34,48,0.415,0.0,34-48,20-21,14-27,5-5,5-5,3-7,2-2,5-6,16-24,-6,L 6,-6,L 6,6,9,-2,L 2,-2,L 2,-4,L 4,24.0,10.0,0,0,0,1.0,1.0,25-11,7-35,2-2,24-6,9-41,1-1,32-40,26-48,19-30,30-11,25-17,15-23,111.0,114.0,-3.0,20-32,8-10,5-13,7-9,14-16,4-6,5-5,5-5,7-7,6-5,7-8,1-4,,,,,,1-6,4-11,8-7,24-35,10-13,2022-23
00,22022,1610612766,Charlotte,Hornets,East,15-37,14, - o,Southeast,7-9,5,27,55,0.329,0.0,27-55,13-28,14-27,5-5,2-8,6-4,1-4,3-3,8-35,-6,L 6,-7,L 7,5,8,-4,L 4,3,W 3,1,W 1,31.0,17.0,0,0,0,1.0,1.0,15-8,11-45,1-2,18-6,9-48,0-1,27-42,25-54,15-31,21-7,16-17,12-30,111.0,117.0,-6.0,15-37,2-16,6-12,7-9,12-18,4-6,3-7,5-5,5-10,5-6,6-9,1-3,,,,,,3-4,3-11,4-12,17-43,10-12,2022-23
00,22022,1610612745,Houston,Rockets,West,12-40,14, - o,Southwest,4-12,4,22,60,0.268,0.0,22-60,14-27,8-33,4-6,5-5,3-7,1-1,5-4,6-36,-10,L 10,-8,L 8,3,13,1,W 1,2,W 2,3,W 3,31.0,29.0,0,0,0,0.0,0.0,14-16,7-44,1-0,15-12,7-48,0-0,21-49,19-57,10-38,14-14,19-34,6-10,111.0,119.0,-8.0,10-20,2-8,4-6,4-6,12-40,5-13,3-15,4-12,2-12,1-10,6-11,3-1,,,,,,1-7,4-9,5-10,13-45,9-15,2022-23
00,22022,1610612759,San Antonio,Spurs,West,10-42,15, - o,Southwest,3-13,5,22,60,0.268,0.0,22-60,14-27,8-33,3-7,4-6,3-7,1-5,3-3,6-42,-5,L 5,-18,L 18,3,16,-1,L 1,1,W 1,1,W 1,31.0,29.0,0,0,0,0.0,0.0,17-11,4-47,1-2,18-8,3-52,1-0,22-48,17-60,12-36,19-3,15-17,5-25,113.0,123.0,-10.0,12-18,3-7,6-4,3-7,10-42,6-12,1-17,3-13,2-13,1-10,4-11,3-2,,,,,,5-2,1-14,6-8,14-45,8-15,2022-23
00,22022,1610612765,Detroit,Pistons,East,8-44,15, - o,Central,2-14,5,17,65,0.207,0.0,17-65,9-32,8-33,1-9,1-9,1-9,3-1,2-8,6-37,-6,L 6,-13,L 13,2,11,-5,L 5,-1,L 1,-1,L 1,41.0,41.0,0,0,0,1.0,1.0,12-14,5-50,0-1,14-6,2-55,1-4,17-51,15-63,7-39,14-12,11-14,11-18,110.0,119.0,-8.0,8-44,1-17,2-14,5-13,9-21,5-5,2-8,2-8,3-10,2-8,1-14,1-4,,,,,,2-6,3-12,5-11,15-44,2-21,2022-23
00,22023,1610612760,Oklahoma City,Thunder,West,36-16,1, - w,Northwest,12-4,1,57,25,0.695,,57-25,33-8,24-17,7-3,8-2,6-4,3-1,6-3,32-10,9,W 9,4,W 4,6,3,5,W 5,1,W 1,5,W 5,0.0,0.0,1,1,1,0.0,0.0,44-5,13-19,0-1,50-4,7-20,0-1,57-22,45-25,31-17,51-6,26-2,40-15,120.0,113.0,7.0,21-9,6-4,6-4,9-1,36-16,12-4,11-7,13-5,11-6,8-3,11-4,5-3,,,,,,3-1,9-5,10-3,37-17,20-8,2023-24
00,22023,1610612738,Boston,Celtics,East,41-11,1, - e,Atlantic,15-2,1,64,18,0.78,3.0,64-18,37-4,27-14,7-3,9-1,7-3,2-4,6-7,42-5,20,W 20,8,W 8,11,2,2,W 2,-1,L 1,2,W 2,0.0,0.0,1,1,1,0.0,0.0,56-11,8-7,0-0,59-6,4-12,1-0,64-15,49-18,38-13,56-2,43-6,31-9,121.0,109.0,11.0,41-11,15-2,13-5,13-4,23-7,6-4,7-3,10-0,11-5,9-1,12-4,6-2,,,,,,3-0,11-4,12-2,43-12,21-6,2023-24
00,22023,1610612743,Denver,Nuggets,West,33-19,2, - x,Northwest,10-6,2,57,25,0.695,,57-25,33-8,24-17,6-4,8-2,7-3,0-1,6-6,28-10,9,W 9,6,W 6,6,3,4,W 4,1,W 1,1,W 1,0.0,0.0,0,0,1,0.0,0.0,43-8,11-16,3-1,49-8,6-17,2-0,57-17,50-25,27-20,54-5,36-7,26-9,115.0,110.0,5.0,24-6,8-2,8-2,8-2,33-19,10-6,11-7,12-6,10-5,8-3,11-4,5-2,,,,,,4-0,9-6,10-5,36-19,21-6,2023-24
00,22023,1610612752,New York,Knicks,East,35-17,2, - x,Atlantic,12-5,2,50,32,0.61,4.0,50-32,27-14,23-18,6-4,7-3,6-4,1-1,4-3,32-16,7,W 7,5,W 5,9,4,3,W 3,3,W 3,5,W 5,14.0,14.0,0,0,1,0.0,0.0,37-3,11-28,2-1,42-3,6-29,2-0,48-24,31-28,22-26,39-1,44-17,24-14,113.0,108.0,5.0,35-17,12-5,11-7,12-5,15-15,5-5,6-4,4-6,14-2,4-8,9-5,6-2,,,,,,2-2,9-5,6-8,33-22,17-10,2023-24
00,22023,1610612750,Minnesota,Timberwolves,West,37-15,3, - x,Northwest,12-4,3,56,26,0.683,,56-26,30-11,26-15,6-4,7-3,6-4,1-4,7-6,32-10,7,W 7,5,W 5,7,2,-1,L 1,-1,L 1,-1,L 1,1.0,1.0,0,0,1,0.0,0.0,38-7,17-19,1-0,45-10,7-15,4-1,55-22,36-23,31-20,50-6,38-12,26-8,113.0,107.0,6.0,19-11,6-4,6-4,7-3,37-15,12-4,10-7,15-4,10-7,8-3,9-6,5-3,,,,,,1-2,13-2,10-3,39-16,17-10,2023-24
00,22023,1610612749,Milwaukee,Bucks,East,34-18,3, - c,Central,10-7,1,49,33,0.598,1.0,49-33,31-11,18-22,3-7,6-4,2-8,2-2,4-6,25-16,9,W 9,4,W 4,7,4,2,W 2,-3,L 3,-2,L 2,15.0,0.0,0,1,1,0.0,0.0,38-8,11-23,0-2,42-5,6-27,1-1,49-27,39-33,28-23,38-6,34-8,22-11,119.0,116.0,3.0,34-18,12-6,10-7,12-5,15-15,4-6,5-5,6-4,8-8,7-5,8-6,2-6,,,,,,2-1,11-5,11-2,35-21,14-12,2023-24
00,22023,1610612739,Cleveland,Cavaliers,East,31-21,4, - x,Central,11-5,2,48,34,0.585,,48-34,26-15,22-19,4-6,6-4,2-8,3-1,9-5,24-16,9,W 9,6,W 6,9,3,-1,L 1,-3,L 3,-1,L 1,16.0,1.0,0,0,1,0.0,0.0,36-12,9-22,3-0,42-7,6-27,0-0,47-25,34-34,24-25,42-7,33-5,20-17,113.0,110.0,2.0,31-21,9-8,11-5,11-8,17-13,5-5,4-6,8-2,11-2,9-4,7-10,3-4,,,,,,1-3,9-6,8-5,36-17,12-17,2023-24
00,22023,1610612746,LA,Clippers,West,30-22,4, - p,Pacific,9-7,1,51,31,0.622,,51-31,25-16,26-15,6-4,3-7,8-2,0-1,6-4,28-17,8,W 8,-6,L 6,9,6,-3,L 3,1,W 1,-3,L 3,6.0,0.0,0,1,1,0.0,0.0,38-11,11-20,2-0,40-4,11-25,0-2,50-27,40-31,26-22,47-3,34-6,23-10,116.0,112.0,3.0,21-9,6-4,6-4,9-1,30-22,10-9,9-7,11-6,12-3,6-5,10-7,4-4,,,,,,3-1,5-9,11-2,36-17,15-14,2023-24
00,22023,1610612753,Orlando,Magic,East,32-20,5, - se,Southeast,9-7,1,47,35,0.573,,47-35,29-12,18-23,5-5,7-3,4-6,2-1,6-9,27-20,9,W 9,-5,L 5,9,4,4,W 4,-4,L 4,1,W 1,17.0,0.0,0,1,1,0.0,0.0,37-9,10-25,0-1,40-1,7-33,0-1,45-23,26-33,19-28,36-5,36-14,28-13,110.0,108.0,2.0,32-20,9-8,14-5,9-7,15-15,7-3,2-8,6-4,6-10,9-3,9-5,4-4,,,,,,2-2,11-3,6-8,30-25,17-10,2023-24
00,22023,1610612742,Dallas,Mavericks,West,31-21,5, - sw,Southwest,11-5,1,50,32,0.61,,50-32,25-16,25-16,7-3,7-3,7-3,1-0,5-2,31-21,7,W 7,5,W 5,7,3,-1,L 1,-1,L 1,-2,L 2,7.0,0.0,0,1,1,0.0,0.0,32-5,16-26,2-1,39-2,10-30,1-0,50-25,41-32,23-24,37-3,25-9,30-15,118.0,116.0,2.0,19-11,6-4,3-7,10-0,31-21,10-9,10-7,11-5,7-8,8-3,11-4,5-3,,,,,,3-0,8-6,8-8,32-23,18-9,2023-24
00,22023,1610612756,Phoenix,Suns,West,29-23,6, - x,Pacific,9-9,2,49,33,0.598,4.0,49-33,25-16,24-17,7-3,5-5,7-3,3-0,8-6,29-14,9,W 9,6,W 6,7,3,-2,L 2,4,W 4,3,W 3,8.0,2.0,0,0,1,0.0,0.0,36-12,11-21,2-0,43-10,6-23,0-0,48-29,43-33,27-22,43-16,36-16,17-6,116.0,113.0,3.0,20-10,4-6,8-2,8-2,29-23,12-5,9-9,8-9,11-5,7-4,8-7,6-2,,,,,,2-2,9-5,6-8,33-22,16-11,2023-24
00,22023,1610612754,Indiana,Pacers,East,32-20,6, - x,Central,11-6,3,47,35,0.573,2.0,47-35,26-15,21-20,7-3,7-3,6-4,0-1,6-5,30-16,5,W 5,5,W 5,6,4,5,W 5,-1,L 1,1,W 1,17.0,2.0,0,0,1,0.0,0.0,32-7,14-27,1-1,42-5,5-28,0-2,47-34,44-35,28-21,42-5,25-7,28-20,123.0,120.0,3.0,32-20,10-8,11-6,11-6,15-15,3-7,5-5,7-3,10-7,7-5,8-7,5-2,,,,,,2-1,7-7,8-6,31-25,16-10,2023-24
00,22023,1610612740,New Orleans,Pelicans,West,30-22,7,,Southwest,9-7,2,49,33,0.598,3.0,49-33,21-19,28-14,5-5,3-7,9-1,0-1,1-7,32-18,5,W 5,7,W 7,4,5,-5,L 5,6,W 6,-1,L 1,8.0,1.0,0,0,0,0.0,0.0,45-11,4-20,0-2,47-9,0-22,2-2,46-27,38-33,26-26,45-7,36-8,29-16,115.0,111.0,4.0,19-11,8-2,5-5,6-4,30-22,9-8,12-7,9-7,8-7,8-4,10-4,4-4,,,,,,2-1,8-8,9-5,33-22,16-11,2023-24
00,22023,1610612755,Philadelphia,76ers,East,31-21,7,,Atlantic,8-8,3,47,35,0.573,,47-35,25-16,22-19,8-2,7-3,5-5,1-2,3-4,27-18,6,W 6,4,W 4,8,4,4,W 4,4,W 4,8,W 8,17.0,17.0,0,0,0,0.0,0.0,38-10,8-25,1-0,39-9,7-25,1-1,44-25,31-35,23-24,34-3,25-5,29-21,115.0,112.0,3.0,31-21,8-8,8-9,15-4,16-14,6-4,4-6,6-4,7-7,4-8,7-10,7-0,,,,,,2-1,10-5,10-4,32-22,15-13,2023-24
00,22023,1610612747,Los Angeles,Lakers,West,27-25,8,,Pacific,7-10,3,47,35,0.573,1.0,47-35,28-14,19-21,7-3,6-4,8-2,4-1,11-4,20-25,5,W 5,5,W 5,5,4,-2,L 2,5,W 5,2,W 2,10.0,4.0,0,0,0,0.0,0.0,33-5,12-30,2-0,37-1,10-32,0-2,47-31,40-35,25-28,41-10,27-8,22-13,118.0,117.0,1.0,20-10,6-4,8-2,6-4,27-25,9-8,7-10,11-7,7-8,9-3,9-5,5-2,,,,,,2-2,9-7,6-8,30-26,17-9,2023-24
00,22023,1610612748,Miami,Heat,East,32-20,8,,Southeast,13-3,2,46,36,0.561,,46-36,22-19,24-17,7-3,5-5,6-4,2-0,8-4,21-15,-4,L 4,6,W 6,7,7,2,W 2,1,W 1,2,W 2,18.0,1.0,0,0,0,0.0,0.0,36-9,8-25,2-2,40-9,3-26,3-1,44-20,33-35,22-26,39-2,25-11,28-14,110.0,108.0,2.0,32-20,8-10,11-7,13-3,14-16,3-7,5-5,6-4,6-10,8-3,8-7,5-3,,,,,,1-3,10-5,8-5,30-25,16-11,2023-24
00,22023,1610612741,Chicago,Bulls,East,22-29,9,,Central,7-9,4,39,43,0.476,,39-43,20-21,19-22,5-5,4-6,5-5,7-4,6-8,12-25,3,W 3,-7,L 7,4,5,-1,L 1,-1,L 1,-1,L 1,25.0,10.0,0,0,0,0.0,0.0,26-11,13-31,0-1,27-7,9-35,3-1,39-33,31-42,19-32,30-10,24-15,24-27,112.0,114.0,-1.0,22-29,5-12,7-9,10-8,17-14,6-4,3-7,8-3,8-7,5-5,8-8,3-4,,,,,,2-2,4-12,9-5,26-29,13-14,2023-24
00,22023,1610612758,Sacramento,Kings,West,30-22,9,,Pacific,10-7,4,46,36,0.561,2.0,46-36,24-17,22-19,4-6,5-5,5-5,5-1,6-5,26-19,5,W 5,4,W 4,6,4,1,W 1,-1,L 1,1,W 1,11.0,5.0,0,0,0,0.0,0.0,38-9,7-27,1-0,42-8,3-27,1-1,46-27,35-35,24-25,36-3,32-15,24-16,117.0,115.0,2.0,16-14,5-5,5-5,6-4,30-22,12-5,10-7,8-10,8-7,6-6,10-6,3-5,,,,,,2-1,8-6,9-5,31-23,15-13,2023-24
00,22023,1610612737,Atlanta,Hawks,East,22-30,10,,Southeast,8-8,3,36,46,0.439,,36-46,21-20,15-26,3-7,6-4,2-8,4-2,9-6,15-21,4,W 4,-4,L 4,4,6,-2,L 2,-4,L 4,-6,L 6,28.0,11.0,0,0,0,0.0,0.0,25-13,9-31,2-2,26-5,8-39,2-2,35-41,30-46,18-32,27-5,24-13,17-23,118.0,121.0,-2.0,22-30,8-11,6-11,8-8,14-16,4-6,4-6,6-4,7-8,6-6,8-7,2-6,,,,,,2-2,7-7,4-10,24-31,12-15,2023-24
00,22023,1610612744,Golden State,Warriors,West,26-26,10,,Pacific,7-9,5,46,36,0.561,,46-36,21-20,25-16,8-2,5-5,8-2,1-4,4-11,24-12,8,W 8,8,W 8,6,6,1,W 1,2,W 2,1,W 1,11.0,5.0,0,0,0,0.0,0.0,36-13,8-21,2-2,42-11,3-24,1-1,45-34,37-36,21-28,39-4,34-17,17-11,118.0,115.0,3.0,20-10,7-3,5-5,8-2,26-26,9-10,7-9,10-7,5-7,11-3,9-7,6-2,,,,,,3-1,6-9,6-7,27-26,19-10,2023-24
00,22023,1610612751,Brooklyn,Nets,East,24-28,11, - o,Atlantic,5-11,4,32,50,0.39,,32-50,20-21,12-29,5-5,6-4,2-8,1-4,4-6,17-28,-4,L 4,-6,L 6,3,6,1,W 1,-3,L 3,-2,L 2,32.0,32.0,0,0,0,1.0,1.0,21-15,11-34,0-1,24-9,8-41,0-0,31-35,25-48,13-37,27-11,21-16,15-22,110.0,113.0,-3.0,24-28,5-11,8-9,11-8,8-22,2-8,3-7,3-7,4-10,4-8,6-10,3-4,,,,,,1-2,8-7,6-9,21-33,11-17,2023-24
00,22023,1610612745,Houston,Rockets,West,28-24,11, - o,Southwest,9-7,3,41,41,0.5,,41-41,27-14,14-27,4-6,6-4,7-3,2-5,8-5,23-17,11,W 11,-9,L 9,11,5,1,W 1,2,W 2,2,W 2,16.0,9.0,0,0,0,1.0,1.0,27-11,13-28,1-2,34-6,6-35,1-0,40-33,32-41,19-29,26-10,25-15,25-19,114.0,113.0,1.0,13-17,3-7,5-5,5-5,28-24,11-8,8-9,9-7,7-10,3-9,13-2,3-5,,,,,,0-3,8-5,7-7,24-30,17-11,2023-24
00,22023,1610612761,Toronto,Raptors,East,18-34,12, - o,Atlantic,1-15,5,25,57,0.305,,25-57,14-27,11-30,2-8,1-9,1-9,1-3,5-10,10-30,-8,L 8,-7,L 7,3,15,-1,L 1,-3,L 3,-4,L 4,39.0,39.0,0,0,0,1.0,1.0,19-14,6-42,0-1,19-10,6-47,0-0,24-46,21-55,10-38,19-12,21-13,10-24,112.0,119.0,-6.0,18-34,1-15,8-9,9-10,7-23,1-9,2-8,4-6,5-10,5-7,1-14,2-6,,,,,,1-3,8-7,3-10,19-36,6-21,2023-24
00,22023,1610612762,Utah,Jazz,West,16-36,12, - o,Northwest,5-11,4,31,51,0.378,,31-51,21-20,10-31,2-8,2-8,1-9,2-2,5-8,15-33,9,W 9,-13,L 13,6,13,1,W 1,-1,L 1,-1,L 1,26.0,26.0,0,0,0,1.0,1.0,21-5,10-44,0-2,25-4,4-42,2-5,31-42,29-51,14-40,26-7,26-28,9-8,116.0,121.0,-5.0,15-15,5-5,5-5,5-5,16-36,5-11,3-15,8-10,10-6,3-8,2-13,2-5,,,,,,1-3,5-10,8-6,26-30,5-21,2023-24
00,22023,1610612766,Charlotte,Hornets,East,14-38,13, - o,Southeast,6-10,4,21,61,0.256,,21-61,11-30,10-31,3-7,3-7,3-7,1-1,7-3,5-43,-8,L 8,-8,L 8,4,11,-2,L 2,1,W 1,1,W 1,43.0,26.0,0,0,0,1.0,1.0,11-6,10-53,0-2,11-6,10-53,0-2,20-33,17-58,10-43,18-9,12-9,10-29,107.0,117.0,-10.0,14-38,4-14,4-14,6-10,7-23,3-7,1-9,3-7,3-13,5-8,3-12,3-5,,,,,,1-2,5-9,1-12,13-41,8-20,2023-24
00,22023,1610612763,Memphis,Grizzlies,West,14-37,13, - o,Southwest,8-8,4,27,55,0.329,,27-55,9-32,18-23,3-7,2-8,4-6,1-3,6-3,11-31,-8,L 8,-5,L 5,4,9,-4,L 4,-1,L 1,-5,L 5,30.0,23.0,0,0,0,1.0,1.0,15-14,11-40,1-1,16-4,10-51,1-0,26-34,20-53,12-39,21-4,20-8,8-28,106.0,113.0,-7.0,13-18,3-7,6-5,4-6,14-37,2-16,4-13,8-8,8-7,2-10,4-11,3-5,,,,,,0-4,4-9,6-9,20-36,7-19,2023-24
00,22023,1610612759,San Antonio,Spurs,West,14-37,14, - o,Southwest,3-13,5,22,60,0.268,,22-60,12-29,10-31,6-4,5-5,4-6,3-2,5-7,12-31,-10,L 10,-11,L 11,3,18,2,W 2,-1,L 1,2,W 2,35.0,28.0,0,0,0,1.0,1.0,14-15,7-44,1-1,15-6,5-50,2-4,22-47,18-58,11-39,16-11,15-19,7-20,112.0,119.0,-6.0,8-23,3-7,3-8,2-8,14-37,6-12,5-12,3-13,5-11,2-10,6-9,4-3,,,,,,2-2,1-13,2-12,11-44,11-16,2023-24
00,22023,1610612764,Washington,Wizards,East,11-41,14, - o,Southeast,4-12,5,15,67,0.183,,15-67,7-34,8-33,1-9,3-7,2-8,0-2,4-5,6-35,-16,L 16,-8,L 8,3,16,-3,L 3,-3,L 3,-6,L 6,49.0,32.0,0,0,0,1.0,1.0,12-15,3-51,0-1,9-5,5-61,1-1,15-60,14-66,4-46,13-11,8-4,8-29,114.0,123.0,-9.0,11-41,2-17,5-12,4-12,4-26,1-9,1-9,2-8,3-12,0-12,5-11,1-6,,,,,,1-2,2-13,3-11,9-45,6-22,2023-24
00,22023,1610612765,Detroit,Pistons,East,10-41,15, - o,Central,2-14,5,14,68,0.171,,14-68,7-33,7-35,2-8,2-8,2-8,1-2,1-7,8-39,-14,L 14,-18,L 18,2,28,-7,L 7,-1,L 1,-1,L 1,50.0,35.0,0,0,0,1.0,1.0,9-10,4-56,1-2,11-9,3-58,0-1,13-58,9-68,5-47,13-17,11-25,4-17,110.0,119.0,-9.0,10-41,3-14,2-14,5-13,4-27,2-8,1-9,1-10,3-12,3-8,4-12,1-7,,,,,,2-2,0-15,1-12,8-46,6-22,2023-24
00,22023,1610612757,Portland,Trail Blazers,West,8-44,15, - o,Northwest,1-15,5,21,61,0.256,,21-61,11-30,10-31,2-8,2-8,2-8,5-3,5-6,5-38,-9,L 9,-7,L 7,3,10,-7,L 7,-2,L 2,-5,L 5,36.0,36.0,0,0,0,1.0,1.0,12-11,9-50,0-0,14-4,6-57,1-0,19-39,17-59,8-41,15-8,16-23,12-19,106.0,115.0,-9.0,13-17,5-5,5-5,3-7,8-44,1-15,2-16,5-13,6-11,0-9,4-13,2-6,,,,,,1-3,5-9,3-10,15-39,6-22,2023-24
00,22024,1610612739,Cleveland,Cavaliers,East,41-11,1, - e,Central,12-4,1,64,18,0.78,,64-18,34-7,30-11,6-4,7-3,5-5,1-1,5-4,41-7,10,W 10,11,W 11,16,4,-1,L 1,1,W 1,-1,L 1,0.0,0.0,1,1,1,0.0,0.0,50-9,11-9,3-0,55-3,9-15,0-0,64-17,56-18,29-12,52-1,41-4,34-11,122.0,112.0,10.0,41-11,16-3,12-4,13-4,23-7,9-1,6-4,8-2,10-5,10-1,11-5,4-3,,,,,,5-0,12-3,12-1,64-18,,2024-25
00,22024,1610612760,Oklahoma City,Thunder,West,39-13,1, - w,Northwest,12-4,1,68,14,0.829,1.0,68-14,35-6,32-8,8-2,8-2,9-1,0-1,1-4,54-5,12,W 12,11,W 11,15,2,1,W 1,3,W 3,4,W 4,0.0,0.0,1,1,1,0.0,0.0,53-5,14-9,1-0,61-2,6-10,1-2,67-12,49-14,36-12,58-3,35-3,55-12,121.0,108.0,13.0,29-1,10-0,9-1,10-0,39-13,12-4,13-3,14-6,10-4,11-2,15-1,5-2,,,,,,4-0,11-4,12-1,68-14,,2024-25
00,22024,1610612738,Boston,Celtics,East,39-13,2, - a,Atlantic,14-2,1,61,21,0.744,,61-21,28-13,33-8,8-2,8-2,9-1,4-2,8-3,41-7,7,W 7,9,W 9,9,2,4,W 4,-1,L 1,2,W 2,3.0,0.0,0,1,1,0.0,0.0,50-6,8-14,3-1,56-7,4-10,1-4,60-15,42-20,25-12,42-3,40-6,39-8,116.0,107.0,9.0,39-13,14-2,12-6,13-5,22-8,8-2,7-3,7-3,10-6,8-3,14-1,5-2,,,,,,4-1,12-2,8-6,61-21,,2024-25
00,22024,1610612745,Houston,Rockets,West,31-21,2, - sw,Southwest,13-3,1,52,30,0.634,2.0,52-30,29-12,23-17,6-4,8-2,6-4,3-1,8-5,26-12,7,W 7,-8,L 8,9,6,-1,L 1,-2,L 2,-3,L 3,16.0,0.0,0,1,1,0.0,0.0,40-8,12-19,0-3,43-7,7-23,2-0,49-21,38-28,22-23,32-4,45-15,24-12,114.0,110.0,5.0,21-9,6-4,7-3,8-2,31-21,9-9,9-9,13-3,11-4,5-7,12-5,3-3,,,,,,3-2,11-4,7-5,52-30,,2024-25
00,22024,1610612747,Los Angeles,Lakers,West,36-16,3, - p,Pacific,12-4,1,50,32,0.61,,50-32,31-10,19-22,6-4,7-3,4-6,1-1,4-6,22-21,9,W 9,-5,L 5,8,4,2,W 2,-1,L 1,-1,L 1,18.0,0.0,0,1,1,0.0,0.0,43-7,6-24,1-1,46-4,4-27,0-1,50-24,38-31,27-19,40-9,30-8,28-11,113.0,112.0,1.0,14-16,7-3,2-8,5-5,36-16,11-8,12-4,13-4,9-5,10-2,9-8,4-3,,,,,,3-2,8-6,7-6,50-32,,2024-25
00,22024,1610612752,New York,Knicks,East,34-18,3, - x,Atlantic,12-4,2,51,31,0.622,2.0,51-31,27-14,24-17,6-4,6-4,5-5,6-2,7-3,31-19,6,W 6,8,W 8,9,3,-2,L 2,1,W 1,1,W 1,13.0,10.0,0,0,1,0.0,0.0,36-13,12-18,3-0,43-5,6-24,2-2,49-25,36-30,19-23,44-7,37-9,32-16,116.0,112.0,4.0,34-18,12-4,7-10,15-4,17-13,6-4,4-6,7-3,9-6,7-4,8-7,4-4,,,,,,2-2,9-6,12-2,51-31,,2024-25
00,22024,1610612754,Indiana,Pacers,East,29-22,4, - x,Central,10-6,2,50,32,0.61,,50-32,29-11,20-20,8-2,8-2,5-5,5-1,6-2,25-17,8,W 8,-8,L 8,6,4,-1,L 1,2,W 2,1,W 1,14.0,14.0,0,0,1,0.0,0.0,32-7,14-23,4-2,38-5,11-27,1-0,50-27,42-30,22-15,37-5,23-5,33-17,117.0,115.0,2.0,29-22,10-7,10-6,9-9,21-10,6-4,8-2,7-4,10-2,7-5,11-6,6-1,,,,,,2-3,7-8,7-7,50-32,,2024-25
00,22024,1610612743,Denver,Nuggets,West,32-20,4, - x,Northwest,8-8,2,50,32,0.61,,50-32,26-15,24-17,5-5,4-6,5-5,5-1,8-6,31-17,8,W 8,6,W 6,9,4,1,W 1,2,W 2,3,W 3,18.0,18.0,0,0,1,0.0,0.0,34-6,13-22,3-4,40-3,9-27,1-2,50-28,45-32,28-23,47-11,37-13,19-9,121.0,117.0,4.0,18-12,6-4,4-6,8-2,32-20,8-8,13-6,11-6,11-6,10-2,8-7,3-4,,,,,,2-2,8-5,8-6,50-32,,2024-25
00,22024,1610612746,LA,Clippers,West,29-23,5, - x,Pacific,9-7,2,50,32,0.61,,50-32,30-11,20-21,9-1,9-1,7-3,3-2,5-7,32-13,9,W 9,4,W 4,8,3,5,W 5,3,W 3,8,W 8,18.0,0.0,0,0,1,0.0,0.0,35-6,12-25,3-1,45-7,5-25,0-0,49-21,31-31,23-26,42-8,35-14,27-14,113.0,108.0,5.0,21-9,7-3,4-6,10-0,29-23,8-10,9-7,12-6,9-6,4-7,11-5,7-0,,,,,,2-3,10-6,7-5,50-32,,2024-25
00,22024,1610612749,Milwaukee,Bucks,East,31-21,5, - x,Central,9-7,3,48,34,0.585,1.0,48-34,27-14,20-20,8-2,6-4,6-4,3-0,5-9,25-19,7,W 7,-6,L 6,8,6,4,W 4,4,W 4,8,W 8,16.0,16.0,0,0,1,0.0,0.0,36-13,10-21,2-0,38-7,9-25,1-2,47-29,43-34,22-19,46-11,27-8,21-11,116.0,113.0,2.0,31-21,8-9,9-7,14-5,17-13,5-5,6-4,6-4,9-6,7-5,7-9,8-0,,,,,,1-4,9-5,7-5,48-34,,2024-25
00,22024,1610612765,Detroit,Pistons,East,29-23,6, - x,Central,5-11,4,44,38,0.537,,44-38,22-19,22-19,4-6,5-5,4-6,2-3,8-6,23-17,4,W 4,5,W 5,8,4,-1,L 1,-1,L 1,-2,L 2,20.0,20.0,0,0,1,0.0,0.0,32-7,9-30,3-1,38-6,5-32,1-0,42-32,31-38,16-28,35-7,33-13,25-16,116.0,114.0,2.0,29-23,13-5,5-11,11-7,15-15,4-6,5-5,6-4,10-6,9-3,9-6,2-5,,,,,,1-4,8-9,5-5,44-38,,2024-25
00,22024,1610612750,Minnesota,Timberwolves,West,33-19,6, - x,Northwest,11-5,3,49,33,0.598,,49-33,25-16,24-17,8-2,8-2,8-2,3-2,11-11,31-9,5,W 5,4,W 4,8,4,5,W 5,1,W 1,3,W 3,19.0,19.0,0,0,1,0.0,0.0,35-8,12-23,2-2,40-7,7-25,2-1,47-31,31-32,27-21,38-5,38-12,22-14,114.0,109.0,5.0,16-14,6-4,3-7,7-3,33-19,11-5,12-7,10-7,10-6,5-8,11-3,6-1,,,,,,2-2,7-8,8-5,49-33,,2024-25
00,22024,1610612753,Orlando,Magic,East,31-21,7, - se,Southeast,12-4,1,41,41,0.5,4.0,41-41,22-19,19-22,7-3,4-6,7-3,0-1,4-7,22-20,10,W 10,-7,L 7,6,5,2,W 2,-1,L 1,-1,L 1,23.0,0.0,0,1,0,0.0,0.0,26-10,12-27,3-4,27-7,11-34,3-0,37-17,23-38,15-27,32-3,32-12,27-25,105.0,106.0,0.0,31-21,11-8,8-9,12-4,10-20,0-10,6-4,4-6,4-11,5-7,7-8,5-1,,,,,,3-2,11-5,6-7,41-41,,2024-25
00,22024,1610612744,Golden State,Warriors,West,29-23,7,,Pacific,5-11,3,48,34,0.585,3.0,48-34,24-17,24-17,7-3,6-4,8-2,1-1,6-6,26-15,7,W 7,6,W 6,7,5,-3,L 3,6,W 6,-1,L 1,20.0,2.0,0,0,0,0.0,0.0,33-4,14-29,1-1,43-5,3-27,2-2,46-21,36-33,28-25,35-3,32-17,33-15,114.0,110.0,3.0,19-11,6-4,6-4,7-3,29-23,11-5,5-11,13-7,8-8,8-3,11-4,5-3,,,,,,4-1,8-6,4-9,48-34,,2024-25
00,22024,1610612763,Memphis,Grizzlies,West,27-24,8,,Southwest,11-5,2,48,34,0.585,,48-34,26-15,22-19,4-6,4-6,5-5,1-0,9-6,31-15,8,W 8,3,W 3,6,4,1,W 1,-1,L 1,1,W 1,20.0,4.0,0,0,0,0.0,0.0,31-8,16-26,1-0,38-7,9-26,1-1,48-33,41-34,16-26,42-9,35-15,25-11,122.0,117.0,5.0,21-10,6-5,6-4,9-1,27-24,9-8,7-11,11-5,9-5,6-5,6-10,4-3,,,,,,3-3,10-4,10-4,48-34,,2024-25
00,22024,1610612737,Atlanta,Hawks,East,30-22,8,,Southeast,10-6,2,40,42,0.488,3.0,40-42,21-19,19-22,5-5,7-3,5-5,2-2,8-6,20-21,-5,L 5,4,W 4,6,8,2,W 2,2,W 2,3,W 3,24.0,1.0,0,0,0,0.0,0.0,26-13,13-27,1-2,30-4,8-38,2-0,39-36,38-42,23-25,32-2,29-17,20-19,118.0,119.0,-1.0,30-22,10-7,10-9,10-6,10-20,3-7,4-6,3-7,4-11,5-7,9-5,4-4,,,,,,2-3,8-8,8-4,40-42,,2024-25
00,22024,1610612741,Chicago,Bulls,East,28-24,9,,Central,4-12,5,39,43,0.476,,39-43,18-23,21-20,7-3,8-2,6-4,2-1,6-4,23-26,-5,L 5,3,W 3,4,6,4,W 4,1,W 1,3,W 3,25.0,25.0,0,0,0,0.0,0.0,21-10,17-31,1-2,25-4,13-37,1-2,39-36,34-43,17-28,32-12,25-13,17-10,118.0,119.0,-2.0,28-24,11-7,4-12,13-5,11-19,4-6,4-6,3-7,6-10,3-8,9-6,6-1,,,,,,3-2,5-11,7-5,39-43,,2024-25
00,22024,1610612758,Sacramento,Kings,West,26-26,9,,Pacific,5-11,4,40,42,0.488,,40-42,20-21,20-21,5-5,4-6,3-7,3-4,4-9,22-19,7,W 7,-7,L 7,7,6,1,W 1,3,W 3,1,W 1,28.0,10.0,0,0,0,0.0,0.0,26-10,12-31,2-1,31-9,7-31,2-2,40-35,31-42,20-26,33-6,31-17,21-22,116.0,115.0,0.0,14-16,4-6,4-6,6-4,26-26,8-11,5-11,13-4,10-4,6-5,6-11,4-3,,,,,,2-2,7-9,5-8,40-42,,2024-25
00,22024,1610612742,Dallas,Mavericks,West,23-29,10,,Southwest,8-8,3,39,43,0.476,4.0,39-43,22-18,17-25,4-6,3-7,3-7,0-2,5-8,17-24,-5,L 5,-6,L 6,7,5,1,W 1,-3,L 3,-1,L 1,29.0,13.0,0,0,0,0.0,0.0,30-9,9-31,0-3,36-7,2-36,1-0,38-33,28-43,17-30,34-15,21-9,17-14,114.0,115.0,-1.0,16-14,5-5,3-7,8-2,23-29,10-8,5-13,8-8,6-10,6-5,5-11,2-4,,,,,,3-2,9-6,8-5,39-43,,2024-25
00,22024,1610612748,Miami,Heat,East,24-28,10,,Southeast,10-6,3,37,45,0.451,,37-45,19-22,17-23,6-4,4-6,4-6,3-5,3-11,22-18,-7,L 7,-5,L 5,6,10,-1,L 1,1,W 1,-1,L 1,27.0,4.0,0,0,0,0.0,0.0,30-17,6-24,1-4,30-15,6-29,1-1,33-33,21-44,14-28,31-7,21-9,17-20,111.0,110.0,1.0,24-28,10-8,4-14,10-6,13-17,3-7,4-6,6-4,7-9,5-7,6-11,3-4,,,,,,2-2,7-6,7-6,37-45,,2024-25
00,22024,1610612756,Phoenix,Suns,West,22-30,11, - o,Pacific,9-7,5,36,46,0.439,,36-46,24-17,12-29,1-9,6-4,1-9,2-4,7-5,13-26,6,W 6,-8,L 8,7,8,1,W 1,-8,L 8,-1,L 1,32.0,14.0,0,0,0,1.0,1.0,27-15,7-29,2-2,30-7,6-39,0-0,36-36,30-44,19-34,30-18,19-13,17-10,114.0,117.0,-3.0,14-16,4-6,5-5,5-5,22-30,7-12,9-7,6-11,10-5,3-10,7-8,1-6,,,,,,4-1,7-7,4-9,36-46,,2024-25
00,22024,1610612761,Toronto,Raptors,East,21-31,11, - o,Atlantic,8-8,3,30,52,0.366,,30-52,18-23,12-29,5-5,5-5,4-6,1-4,7-9,16-28,-7,L 7,-10,L 10,5,11,1,W 1,-2,L 2,-2,L 2,34.0,31.0,0,0,0,1.0,1.0,24-12,5-37,1-3,27-12,3-40,0-0,30-41,22-49,9-34,26-14,23-19,13-20,111.0,115.0,-4.0,21-31,8-8,2-16,11-7,9-21,3-7,4-6,2-8,8-7,3-9,10-5,2-5,,,,,,1-4,4-11,2-11,30-52,,2024-25
00,22024,1610612757,Portland,Trail Blazers,West,19-33,12, - o,Northwest,6-10,4,36,46,0.439,,36-46,22-19,14-27,4-6,6-4,3-7,1-3,7-4,19-30,6,W 6,-8,L 8,6,6,1,W 1,-2,L 2,1,W 1,32.0,32.0,0,0,0,1.0,1.0,25-8,7-36,4-2,29-7,6-38,1-1,36-31,26-46,19-36,32-7,28-16,21-16,111.0,114.0,-3.0,17-13,4-6,4-6,9-1,19-33,6-10,6-12,7-11,8-8,8-4,5-10,4-3,,,,,,2-3,6-9,3-9,36-46,,2024-25
00,22024,1610612751,Brooklyn,Nets,East,14-37,12, - o,Atlantic,3-13,4,26,56,0.317,,26-56,12-29,14-27,3-7,2-8,2-8,0-4,8-7,7-32,-11,L 11,-9,L 9,3,7,-2,L 2,-1,L 1,-3,L 3,38.0,35.0,0,0,0,1.0,1.0,16-16,8-38,2-2,16-11,9-43,1-2,23-34,18-54,13-36,17-5,14-16,16-19,105.0,112.0,-7.0,14-37,3-13,5-13,6-11,12-19,1-9,4-6,7-4,3-13,6-5,4-13,1-5,,,,,,2-3,7-8,3-9,26-56,,2024-25
00,22024,1610612755,Philadelphia,76ers,East,15-37,13, - o,Atlantic,3-13,5,24,58,0.293,,24-58,12-29,12-29,1-9,1-9,2-8,2-3,4-4,10-35,-8,L 8,-8,L 8,4,12,-8,L 8,1,W 1,-2,L 2,40.0,37.0,0,0,0,1.0,1.0,20-11,4-44,0-3,21-4,1-50,2-4,24-45,18-57,9-32,18-6,11-7,16-31,110.0,116.0,-6.0,15-37,3-13,5-13,7-11,9-21,3-7,3-7,3-7,6-11,1-10,3-14,1-6,,,,,,1-3,3-11,9-3,24-58,,2024-25
00,22024,1610612759,San Antonio,Spurs,West,22-30,13, - o,Southwest,5-11,4,34,48,0.415,,34-48,20-20,13-27,3-7,5-5,3-7,1-1,7-7,17-32,-4,L 4,-4,L 4,4,5,1,W 1,-1,L 1,1,W 1,34.0,18.0,0,0,0,1.0,1.0,22-12,8-35,4-1,25-7,8-38,1-3,33-40,27-48,16-31,28-12,21-10,21-16,114.0,117.0,-3.0,12-18,6-4,2-8,4-6,22-30,10-8,7-11,5-11,4-8,3-9,7-10,3-5,,,,,,2-3,8-6,7-7,34-48,,2024-25
00,22024,1610612766,Charlotte,Hornets,East,10-42,14, - o,Southeast,1-15,4,19,63,0.232,,19-63,12-29,7-34,1-9,3-7,1-9,1-2,8-7,5-39,-10,L 10,-9,L 9,3,10,-3,L 3,-9,L 9,-7,L 7,45.0,22.0,0,0,0,1.0,1.0,11-8,6-54,2-1,12-5,7-57,0-1,19-40,15-56,5-31,10-9,12-23,5-19,105.0,114.0,-9.0,10-42,3-15,6-12,1-15,9-21,2-8,2-8,5-5,5-8,2-11,5-12,0-7,,,,,,2-2,4-12,1-11,19-63,,2024-25
00,22024,1610612740,New Orleans,Pelicans,West,13-38,14, - o,Southwest,3-13,5,21,61,0.256,,21-61,14-27,7-34,2-8,3-7,1-9,2-1,3-8,6-38,-7,L 7,-15,L 15,4,11,-3,L 3,-6,L 6,-7,L 7,47.0,31.0,0,0,0,1.0,1.0,10-17,10-40,1-4,12-5,6-56,3-0,20-45,16-61,7-41,12-10,13-18,13-21,110.0,119.0,-9.0,8-23,2-8,3-8,3-7,13-38,6-12,4-13,3-13,7-9,4-7,5-10,0-7,,,,,,2-3,2-13,1-12,21-61,,2024-25
00,22024,1610612762,Utah,Jazz,West,8-44,15, - o,Northwest,3-13,5,17,65,0.207,,17-65,10-31,7-34,1-9,2-8,0-10,2-3,5-8,8-37,-9,L 9,-21,L 21,2,10,-1,L 1,-21,L 21,-2,L 2,51.0,51.0,0,0,0,1.0,1.0,12-11,4-52,1-2,13-8,2-55,2-2,17-55,13-64,8-42,16-17,15-27,4-5,112.0,121.0,-9.0,9-21,3-7,2-8,4-6,8-44,3-13,2-17,3-14,3-12,5-8,1-16,1-5,,,,,,0-5,4-10,3-9,17-65,,2024-25
00,22024,1610612764,Washington,Wizards,East,13-39,15, - o,Southeast,7-9,5,18,64,0.22,,18-64,8-32,10-31,2-8,2-8,4-6,0-2,7-2,5-53,-12,L 12,-21,L 21,3,16,-2,L 2,1,W 1,1,W 1,46.0,23.0,0,0,0,1.0,1.0,14-9,4-52,0-3,15-4,2-59,1-1,18-43,17-64,6-37,13-9,8-13,6-17,108.0,120.0,-12.0,13-39,4-14,2-16,7-9,5-25,4-6,1-9,0-10,1-16,4-7,6-11,2-5,,,,,,2-2,0-14,3-9,18-64,,2024-25
00,22025,1610612760,Oklahoma City,Thunder,West,36-9,1,,Northwest,10-3,1,52,15,0.776,1.0,52-15,28-6,24-8,9-1,8-2,7-3,4-0,5-6,33-6,14,W 14,8,W 8,16,2,6,W 6,3,W 3,7,W 7,0.0,0.0,,,,,,41-7,11-8,0-0,45-3,7-11,0-1,52-13,37-15,27-12,45-6,23-3,45-9,119.0,108.0,11.0,16-6,5-1,5-3,6-2,36-9,10-3,14-1,12-5,9-6,8-4,6-0,,,,,,,6-0,14-1,9-4,52-15,,2025-26
00,22025,1610612765,Detroit,Pistons,East,32-10,1,,Central,10-4,1,48,18,0.727,,48-18,25-8,22-10,6-4,7-3,7-3,2-1,9-5,24-6,6,W 6,7,W 7,13,4,2,W 2,1,W 1,3,W 3,0.0,0.0,,,,,,41-5,7-12,0-1,42-3,6-15,0-0,47-14,39-17,24-11,42-4,35-9,33-7,117.0,110.0,8.0,32-10,13-2,10-4,9-4,16-8,6-1,5-3,5-4,10-4,9-2,4-4,,,,,,,3-2,13-2,9-4,48-18,,2025-26
00,22025,1610612738,Boston,Celtics,East,29-14,2,,Atlantic,9-5,1,44,23,0.657,,44-23,22-10,22-13,6-4,8-2,7-3,1-0,5-7,30-8,4,W 4,5,W 5,5,3,2,W 2,-2,L 2,1,W 1,4.5,0.0,,,,,,35-10,7-11,2-2,38-5,4-18,2-0,42-17,29-22,20-16,39-5,34-10,19-12,114.0,107.0,7.0,29-14,9-5,11-6,9-3,15-9,2-6,8-0,5-3,10-6,9-2,4-3,,,,,,,3-3,8-6,9-3,44-23,,2025-26
00,22025,1610612759,San Antonio,Spurs,West,28-14,2,,Southwest,11-3,1,49,18,0.731,3.0,49-18,26-7,22-11,8-2,9-1,8-2,1-0,7-4,32-7,9,W 9,6,W 6,11,2,1,W 1,1,W 1,1,W 1,3.0,0.0,,,,,,36-9,12-9,1-0,38-7,10-11,1-0,49-15,41-18,29-12,39-4,37-8,20-8,119.0,112.0,7.0,21-4,8-1,5-2,8-1,28-14,9-6,8-5,11-3,8-7,11-0,5-2,,,,,,,5-0,8-6,11-3,49-18,,2025-26
00,22025,1610612752,New York,Knicks,East,28-15,3,,Atlantic,11-3,2,43,25,0.632,3.0,43-25,23-9,19-16,6-4,7-3,7-3,1-1,6-4,27-15,7,W 7,-4,L 4,8,4,-1,L 1,2,W 2,2,W 2,6.0,1.5,,,,,,31-6,12-19,0-0,37-2,4-23,2-0,43-18,29-25,20-19,33-3,30-14,32-5,117.0,111.0,6.0,28-15,11-3,8-7,9-5,15-10,7-2,3-6,5-2,7-8,8-4,5-3,,,,,,,2-3,11-3,10-4,43-25,,2025-26
00,22025,1610612745,Houston,Rockets,West,23-19,3,,Southwest,7-6,2,41,25,0.621,,41-25,23-8,18-17,6-4,6-4,6-4,1-6,3-8,19-11,7,W 7,5,W 5,5,3,3,W 3,-2,L 2,1,W 1,10.5,7.5,,,,,,27-9,13-15,1-1,31-8,8-17,2-0,41-19,29-25,18-13,34-4,36-16,11-7,114.0,110.0,4.0,18-6,5-3,7-1,6-2,23-19,7-8,9-5,7-6,10-7,7-5,4-3,,,,,,,2-2,11-2,7-6,41-25,,2025-26
00,22025,1610612747,Los Angeles,Lakers,West,27-16,4,,Pacific,8-7,1,41,25,0.621,2.0,41-25,22-12,19-13,7-3,8-2,5-5,0-0,6-2,22-19,6,W 6,4,W 4,7,3,6,W 6,-1,L 1,4,W 4,10.5,0.0,,,,,,27-2,11-22,3-1,31-1,9-23,1-1,41-19,37-25,19-17,35-5,24-4,21-10,116.0,115.0,1.0,14-9,6-3,4-3,4-3,27-16,8-5,8-7,11-4,9-7,6-6,6-1,,,,,,,4-2,11-2,5-7,41-25,,2025-26
00,22025,1610612739,Cleveland,Cavaliers,East,26-17,4,,Central,8-5,2,41,26,0.612,,41-26,22-12,19-14,5-5,8-2,6-4,0-3,2-5,24-13,7,W 7,5,W 5,7,3,1,W 1,1,W 1,1,W 1,7.5,7.5,,,,,,29-5,12-20,0-1,30-2,11-23,0-1,40-23,34-25,21-17,33-3,25-6,26-14,119.0,115.0,4.0,26-17,8-8,8-5,10-4,15-9,4-5,6-2,5-2,10-5,8-3,4-2,,,,,,,3-3,9-6,7-7,41-26,,2025-26
00,22025,1610612743,Denver,Nuggets,West,25-14,5,,Northwest,6-5,2,41,26,0.612,,41-26,18-13,23-13,5-5,6-4,4-6,3-3,7-10,21-9,6,W 6,11,W 11,7,3,1,W 1,1,W 1,2,W 2,11.0,11.0,,,,,,27-10,12-15,2-1,34-11,7-13,0-2,41-24,37-26,18-19,36-7,21-11,21-6,121.0,117.0,4.0,16-12,5-3,5-5,6-4,25-14,6-5,9-5,10-4,10-6,4-7,4-3,,,,,,,3-2,11-3,9-5,41-26,,2025-26
00,22025,1610612753,Orlando,Magic,East,23-19,5,,Southeast,8-5,1,37,28,0.569,1.0,37-28,21-11,15-15,8-2,7-3,6-4,3-2,11-3,15-15,6,W 6,4,W 4,6,4,4,W 4,4,W 4,6,W 6,10.5,0.0,,,,,,22-9,13-17,2-2,27-5,9-23,1-0,37-21,30-28,16-18,25-4,20-9,26-12,116.0,114.0,2.0,23-19,8-7,7-7,8-5,14-9,6-2,5-2,3-5,6-7,6-5,6-1,,,,,,,2-4,10-4,7-7,37-28,,2025-26
00,22025,1610612750,Minnesota,Timberwolves,West,25-19,6,,Northwest,8-5,3,41,26,0.612,,41-26,22-12,19-14,6-4,6-4,7-3,1-2,5-4,23-13,5,W 5,4,W 4,5,5,-1,L 1,1,W 1,1,W 1,11.0,11.0,,,,,,23-10,16-15,2-1,30-5,10-20,1-1,40-23,36-26,15-16,38-3,28-12,23-8,119.0,115.0,4.0,16-7,5-3,5-2,6-2,25-19,8-5,8-9,9-5,10-6,6-4,4-3,,,,,,,2-3,10-5,9-5,41-26,,2025-26
00,22025,1610612748,Miami,Heat,East,22-18,6,,Southeast,7-5,2,38,29,0.567,4.0,38-29,23-11,15-18,8-2,8-2,7-3,1-0,6-3,24-16,7,W 7,-4,L 4,7,5,7,W 7,1,W 1,7,W 7,10.5,0.0,,,,,,32-9,5-19,1-1,34-5,2-23,2-1,38-24,33-28,18-22,29-7,23-10,27-11,120.0,117.0,4.0,22-18,6-8,9-5,7-5,16-11,4-6,6-3,6-2,8-9,6-5,6-0,,,,,,,3-2,10-5,5-8,38-29,,2025-26
00,22025,1610612761,Toronto,Raptors,East,27-16,7,,Atlantic,4-10,3,37,29,0.561,2.0,37-29,18-16,19-13,4-6,5-5,6-4,2-2,7-4,24-18,8,W 8,4,W 4,9,4,2,W 2,-3,L 3,1,W 1,11.0,6.5,,,,,,27-9,10-20,0-0,29-5,8-23,0-1,35-20,28-28,17-21,31-4,24-7,23-16,114.0,112.0,2.0,27-16,4-10,12-2,11-4,10-13,4-4,4-3,2-6,9-6,6-4,2-4,,,,,,,2-4,12-3,6-8,37-29,,2025-26
00,22025,1610612756,Phoenix,Suns,West,25-18,7,,Pacific,10-6,2,39,28,0.582,4.0,39-28,22-13,17-15,6-4,5-5,7-3,1-1,7-7,20-13,6,W 6,4,W 4,5,4,2,W 2,-1,L 1,-1,L 1,13.0,2.5,,,,,,29-6,9-21,1-1,34-5,3-21,2-2,38-19,30-26,17-21,27-5,22-6,24-15,113.0,111.0,1.0,14-10,5-3,5-3,4-4,25-18,6-7,10-6,9-5,11-5,4-7,5-2,,,,,,,2-4,10-5,7-5,39-28,,2025-26
00,22025,1610612737,Atlanta,Hawks,East,21-21,8,,Southeast,7-6,3,36,31,0.537,,36-31,18-16,18-15,9-1,8-2,5-5,1-0,6-7,24-17,8,W 8,4,W 4,9,7,8,W 8,2,W 2,9,W 9,12.5,2.0,,,,,,27-7,8-23,1-1,28-3,7-28,1-0,36-25,29-30,15-21,34-5,19-6,25-13,118.0,117.0,1.0,21-21,9-6,5-9,7-6,15-10,5-5,6-2,4-3,8-8,6-4,5-0,,,,,,,3-3,10-5,3-11,36-31,,2025-26
00,22025,1610612746,LA,Clippers,West,21-19,8,,Pacific,8-5,3,34,32,0.515,,34-32,19-13,15-19,7-3,6-4,6-4,2-0,6-8,20-18,-8,L 8,4,W 4,6,6,5,W 5,1,W 1,4,W 4,17.5,7.0,,,,,,24-14,10-17,0-1,28-7,6-24,0-1,33-27,26-30,17-24,31-8,15-9,23-10,114.0,113.0,1.0,13-13,4-5,4-3,5-5,21-19,7-7,8-5,6-7,11-4,5-6,7-1,,,,,,,3-2,2-13,6-6,34-32,,2025-26
00,22025,1610612755,Philadelphia,76ers,East,22-23,9,,Atlantic,9-7,4,36,31,0.537,,36-31,19-16,17-15,5-5,7-3,3-7,4-3,6-8,19-14,-4,L 4,4,W 4,5,4,3,W 3,-4,L 4,1,W 1,12.5,8.0,,,,,,28-12,7-18,1-1,25-8,10-23,1-0,35-27,32-31,14-24,27-4,20-9,26-17,116.0,116.0,-1.0,22-23,9-7,6-9,7-7,14-8,2-3,6-3,6-2,10-7,6-5,2-5,,,,,,,4-1,6-8,7-5,36-31,,2025-26
00,22025,1610612744,Golden State,Warriors,West,22-22,9,,Pacific,6-6,4,32,34,0.485,,32-34,19-15,13-19,3-7,2-8,5-5,2-2,4-4,20-17,5,W 5,-6,L 6,4,4,-4,L 4,-2,L 2,-4,L 4,19.5,9.0,,,,,,26-10,6-24,0-0,25-10,6-23,1-1,30-26,23-32,15-22,22-4,14-9,17-11,115.0,114.0,1.0,10-12,2-5,4-4,4-3,22-22,7-12,6-6,9-4,9-7,4-6,1-5,,,,,,,4-2,7-8,7-6,32-34,,2025-26
00,22025,1610612766,Charlotte,Hornets,East,20-22,10,,Southeast,9-5,4,34,34,0.5,,34-34,14-17,20-17,7-3,6-4,8-2,2-1,3-6,22-16,-5,L 5,10,W 10,9,7,-1,L 1,-1,L 1,-1,L 1,15.0,4.5,,,,,,26-9,7-24,1-1,29-7,4-27,1-0,34-29,20-32,18-23,24-3,31-21,8-8,116.0,112.0,3.0,20-22,5-6,6-11,9-5,14-12,6-3,2-6,6-3,11-6,8-3,4-2,,,,,,,2-3,4-11,5-8,34-34,,2025-26
00,22025,1610612757,Portland,Trail Blazers,West,24-19,10,,Northwest,6-7,4,32,35,0.478,,32-35,18-16,14-19,5-5,5-5,4-6,1-1,6-5,15-16,5,W 5,-4,L 4,5,6,1,W 1,-1,L 1,1,W 1,20.0,20.0,,,,,,20-8,10-27,2-0,25-7,7-28,0-0,30-26,30-35,16-26,19-4,25-15,10-7,115.0,118.0,-2.0,8-16,2-5,4-4,2-7,24-19,6-7,9-6,9-6,9-6,6-6,3-3,,,,,,,4-2,4-10,6-8,32-35,,2025-26
00,22025,1610612763,Memphis,Grizzlies,West,18-27,11,,Southwest,6-7,3,23,43,0.348,,23-43,11-20,11-22,2-8,2-8,2-8,1-1,2-5,9-19,-5,L 5,-5,L 5,3,7,-5,L 5,-4,L 4,-7,L 7,28.5,25.5,,,,,,14-15,9-25,0-3,18-14,5-27,0-2,23-39,18-43,5-26,20-7,15-10,12-22,116.0,118.0,-3.0,5-16,1-6,3-3,1-7,18-27,5-11,7-9,6-7,3-11,4-7,1-7,,,,,,,3-3,6-9,6-6,23-43,,2025-26
00,22025,1610612749,Milwaukee,Bucks,East,19-26,11,,Central,8-5,3,27,39,0.409,,27-39,15-18,12-21,2-8,4-6,3-7,2-1,5-6,15-25,-4,L 4,-8,L 8,3,7,-2,L 2,-3,L 3,-4,L 4,21.0,21.0,,,,,,17-10,10-29,0-0,20-5,6-33,1-1,27-28,21-39,13-29,26-14,11-7,11-8,111.0,116.0,-5.0,19-26,4-11,8-5,7-10,8-13,2-6,3-4,3-3,4-8,8-4,1-6,,,,,,,4-1,5-11,5-8,27-39,,2025-26
00,22025,1610612742,Dallas,Mavericks,West,12-29,12,,Southwest,4-10,4,22,45,0.328,,22-45,14-20,8-24,1-9,1-9,3-7,2-2,5-7,7-23,-9,L 9,-7,L 7,4,10,-9,L 9,1,W 1,-1,L 1,30.0,27.0,,,,,,15-7,6-38,1-0,13-7,6-37,3-1,22-37,20-45,10-30,18-10,12-16,9-14,113.0,118.0,-5.0,10-16,5-6,3-4,2-6,12-29,5-10,3-9,4-10,7-8,2-8,1-7,,,,,,,2-3,4-12,6-7,22-45,,2025-26
00,22025,1610612741,Chicago,Bulls,East,17-26,12,,Central,4-10,4,27,40,0.403,,27-40,16-18,11-22,3-7,1-9,2-8,1-1,10-5,10-24,-8,L 8,-5,L 5,5,11,-1,L 1,-2,L 2,-2,L 2,21.5,21.5,,,,,,14-8,12-31,1-1,19-7,7-31,1-2,27-34,25-40,16-23,22-10,20-12,10-11,116.0,120.0,-4.0,17-26,5-9,4-10,8-7,10-14,4-5,4-5,2-4,8-8,0-11,3-4,,,,,,,5-0,4-10,7-7,27-40,,2025-26
00,22025,1610612751,Brooklyn,Nets,East,12-31,13, - o,Atlantic,3-11,5,17,50,0.254,,17-50,9-23,8-27,2-8,3-7,1-9,0-2,2-2,11-34,-9,L 9,-9,L 9,3,10,-1,L 1,-2,L 2,-3,L 3,31.5,27.0,,,,1.0,1.0,13-6,3-44,1-0,14-6,2-43,1-1,16-33,14-50,6-34,15-4,13-15,4-14,107.0,116.0,-9.0,12-31,3-11,6-9,3-11,5-19,3-4,0-6,2-9,3-14,2-10,2-5,,,,,,,0-5,3-11,7-4,17-50,,2025-26
00,22025,1610612740,New Orleans,Pelicans,West,13-30,13,,Southwest,6-8,5,22,46,0.324,,22-46,13-21,9-25,6-4,7-3,4-6,1-4,2-5,12-20,-6,L 6,-6,L 6,5,9,4,W 4,-2,L 2,-1,L 1,30.5,27.5,,,,,,15-12,7-33,0-1,16-11,5-34,1-1,22-39,19-46,7-34,18-10,15-11,12-20,115.0,120.0,-4.0,9-16,3-4,3-6,3-6,13-30,4-10,3-12,6-8,5-11,6-4,3-4,,,,,,,0-5,3-13,5-9,22-46,,2025-26
00,22025,1610612762,Utah,Jazz,West,11-31,14,,Northwest,1-11,5,20,47,0.299,,20-47,12-22,8-25,2-8,2-8,3-7,3-2,5-8,7-31,-5,L 5,-5,L 5,2,7,-1,L 1,-2,L 2,-2,L 2,32.0,32.0,,,,,,12-14,7-33,1-0,15-5,5-40,0-2,20-42,19-47,9-28,15-10,13-14,8-12,117.0,125.0,-8.0,9-16,2-6,5-3,2-7,11-31,1-11,5-10,5-10,3-14,3-8,2-5,,,,,,,2-3,4-10,6-7,20-47,,2025-26
00,22025,1610612764,Washington,Wizards,East,11-31,14, - o,Southeast,2-12,5,16,50,0.242,,16-50,11-22,5-28,0-10,3-7,1-9,0-3,2-2,7-39,-6,L 6,-10,L 10,2,14,-4,L 4,-9,L 9,-11,L 11,32.0,21.5,,,,1.0,1.0,13-6,3-44,0-0,10-7,4-43,2-0,16-43,13-50,4-33,12-11,9-10,9-8,113.0,124.0,-11.0,11-31,2-12,7-7,2-12,5-19,1-6,1-6,3-7,4-11,4-8,0-6,,,,,,,1-4,1-12,6-8,16-50,,2025-26
00,22025,1610612758,Sacramento,Kings,West,10-34,15, - o,Pacific,2-10,5,16,51,0.239,,16-51,11-23,5-28,4-6,2-8,2-8,2-1,3-4,6-33,-9,L 9,-16,L 16,4,16,-1,L 1,-1,L 1,-1,L 1,36.0,25.5,,,,1.0,1.0,10-10,6-39,0-2,12-8,4-41,0-2,16-38,15-50,10-35,12-12,11-13,13-25,111.0,121.0,-10.0,6-17,1-5,3-7,2-5,10-34,3-14,2-10,5-10,4-13,2-9,2-4,,,,,,,1-4,4-12,3-9,16-51,,2025-26
00,22025,1610612754,Indiana,Pacers,East,11-31,15, - o,Central,3-9,5,15,52,0.224,,15-52,10-24,5-28,0-10,2-8,2-8,1-1,6-5,4-31,-8,L 8,-10,L 10,3,13,-8,L 8,-6,L 6,-12,L 12,33.5,33.5,,,,1.0,1.0,10-12,5-39,0-1,12-6,3-43,0-3,14-43,12-51,7-34,12-3,7-9,9-22,111.0,120.0,-9.0,11-31,3-13,3-9,5-9,4-21,1-7,2-6,1-8,7-8,2-9,0-7,,,,,,,0-5,4-11,2-12,15-52,,2025-26
